{"type":"FeatureCollection","data_type":"Dataset","url_type":null,"permissions":[{"permissions":{"download":true,"view":true},"group_id":"everyone"}],"classification":null,"title":"\npridetest2\n","count":117,"stream_id":26862,"contributor":{"url":"http://geocommons.com/users/11444","name":"platial"},"data_attributes":null,"calculation_params":null,"icon_link":null,"link":"http://geocommons.com/overlays/26862.json","extent":[-144.316,-23.5489,79.85,60.17],"geometry_types":["point"],"unique_name":null,"name":"\npridetest2\n","feature_count":117,"description":"\nA Map by Mgoff\n\n\n","next_feature":null,"is_raster":false,"short_classification":"Y","stats":{},"features":[{"properties":{"name":null,"description":"Posted by Mgoff<a title=\"Built for Community Mapping\" href=\"http://www.platial.com\"><img src=\"http://media.geocommons.com/platial/images/logotype_small.jpg\"></a>","id":"a6qu0vxxpody"},"type":"Feature","geometry":{"type":"Point","coordinates":[-122.73926,37.71859]}},{"properties":{"name":null,"description":"Posted by Mgoff<a title=\"Built for Community Mapping\" href=\"http://www.platial.com\"><img src=\"http://media.geocommons.com/platial/images/logotype_small.jpg\"></a>","id":"a6qu0vt9lckg"},"type":"Feature","geometry":{"type":"Point","coordinates":[-37.26562,12.21118]}},{"properties":{"name":"Albuquerque,  NM   (June-08)","description":"Posted by MgoffAlbuquerque, NM, United States<a title=\"Built for Community Mapping\" href=\"http://www.platial.com\"><img src=\"http://media.geocommons.com/platial/images/logotype_small.jpg\"></a>","id":"a6qu0w0swz5i"},"type":"Feature","geometry":{"type":"Point","coordinates":[-106.650556,35.084444]}},{"properties":{"name":"Asbury Park,  NJ   (June-03)","description":"Posted by Mgoff<img src=\"http://media.geocommons.com/platial/images/categories/ICON_nature_verD.gif\"> Asbury Park, NJ, United States<a title=\"Built for Community Mapping\" href=\"http://www.platial.com\"><img src=\"http://media.geocommons.com/platial/images/logotype_small.jpg\"></a>","id":"a6qu0vrra1uv"},"type":"Feature","geometry":{"type":"Point","coordinates":[-74.0125,40.220278]}},{"properties":{"name":"Atlanta,  GA   (June-22)","description":"Posted by MgoffAtlanta, GA, United States<a title=\"Built for Community Mapping\" href=\"http://www.platial.com\"><img src=\"http://media.geocommons.com/platial/images/logotype_small.jpg\"></a>","id":"a6qu0vu6p4qo"},"type":"Feature","geometry":{"type":"Point","coordinates":[-84.388056,33.748889]}},{"properties":{"name":"Austin,  TX   (June-02)","description":"Posted by MgoffAustin, TX, United States<a title=\"Built for Community Mapping\" href=\"http://www.platial.com\"><img src=\"http://media.geocommons.com/platial/images/logotype_small.jpg\"></a>","id":"a6qu0w0a854o"},"type":"Feature","geometry":{"type":"Point","coordinates":[-97.742778,30.266944]}},{"properties":{"name":"Austin,  TX   (June-09)","description":"Posted by MgoffAustin, TX, United States<a title=\"Built for Community Mapping\" href=\"http://www.platial.com\"><img src=\"http://media.geocommons.com/platial/images/logotype_small.jpg\"></a>","id":"a6qu0w0wwi33"},"type":"Feature","geometry":{"type":"Point","coordinates":[-97.742778,30.266944]}},{"properties":{"name":"Babylon,  NY   (August-04)","description":"Posted by MgoffBabylon, NY, United States<a title=\"Built for Community Mapping\" href=\"http://www.platial.com\"><img src=\"http://media.geocommons.com/platial/images/logotype_small.jpg\"></a>","id":"a6qu0w1llehf"},"type":"Feature","geometry":{"type":"Point","coordinates":[-73.326111,40.695556]}},{"properties":{"name":"Berlin,   Germany (July-23)","description":"Posted by MgoffBerlin, Germany<a title=\"Built for Community Mapping\" href=\"http://www.platial.com\"><img src=\"http://media.geocommons.com/platial/images/logotype_small.jpg\"></a>","id":"a6qu0vlcnekr"},"type":"Feature","geometry":{"type":"Point","coordinates":[13.411895,52.523781]}},{"properties":{"name":"Birmingham,  AL   (June-01)","description":"Posted by MgoffBirmingham, AL, United States<a title=\"Built for Community Mapping\" href=\"http://www.platial.com\"><img src=\"http://media.geocommons.com/platial/images/logotype_small.jpg\"></a>","id":"a6qu0w15x9bx"},"type":"Feature","geometry":{"type":"Point","coordinates":[-86.8025,33.520556]}},{"properties":{"name":"Bismarck, ND   (July-27)","description":"Posted by MgoffBismarck, ND, United States<a title=\"Built for Community Mapping\" href=\"http://www.platial.com\"><img src=\"http://media.geocommons.com/platial/images/logotype_small.jpg\"></a>","id":"a6qu0vv2p6tx"},"type":"Feature","geometry":{"type":"Point","coordinates":[-100.783333,46.808333]}},{"properties":{"name":"Boise,  ID   (June-03)","description":"Posted by MgoffBoise, ID, United States<a title=\"Built for Community Mapping\" href=\"http://www.platial.com\"><img src=\"http://media.geocommons.com/platial/images/logotype_small.jpg\"></a>","id":"a6qu0vu0r94b"},"type":"Feature","geometry":{"type":"Point","coordinates":[-116.2025,43.613611]}},{"properties":{"name":"Boston ,  MA   (June-01)","description":"Posted by MgoffBoston, MA, United States<a title=\"Built for Community Mapping\" href=\"http://www.platial.com\"><img src=\"http://media.geocommons.com/platial/images/logotype_small.jpg\"></a>","id":"a6qu0w15cf95"},"type":"Feature","geometry":{"type":"Point","coordinates":[-71.060278,42.358333]}},{"properties":{"name":"Boston ,  MA   (June-02)","description":"Posted by MgoffBoston, MA, United States<a title=\"Built for Community Mapping\" href=\"http://www.platial.com\"><img src=\"http://media.geocommons.com/platial/images/logotype_small.jpg\"></a>","id":"a6qu0vy3qvrf"},"type":"Feature","geometry":{"type":"Point","coordinates":[-71.060278,42.358333]}},{"properties":{"name":"Boston ,  MA   (June-06)","description":"Posted by MgoffBoston, MA, United States<a title=\"Built for Community Mapping\" href=\"http://www.platial.com\"><img src=\"http://media.geocommons.com/platial/images/logotype_small.jpg\"></a>","id":"a6qu0vlab6zr"},"type":"Feature","geometry":{"type":"Point","coordinates":[-71.060278,42.358333]}},{"properties":{"name":"Boston ,  MA   (June-09)","description":"Posted by MgoffBoston, MA, United States<a title=\"Built for Community Mapping\" href=\"http://www.platial.com\"><img src=\"http://media.geocommons.com/platial/images/logotype_small.jpg\"></a>","id":"a6qu0vuleqoi"},"type":"Feature","geometry":{"type":"Point","coordinates":[-71.060278,42.358333]}},{"properties":{"name":"Boston ,  MA   (June-10)","description":"Posted by MgoffBoston, MA, United States<a title=\"Built for Community Mapping\" href=\"http://www.platial.com\"><img src=\"http://media.geocommons.com/platial/images/logotype_small.jpg\"></a>","id":"a6qu0vwf13dh"},"type":"Feature","geometry":{"type":"Point","coordinates":[-71.060278,42.358333]}},{"properties":{"name":"Bronx,  NY   (June-16)","description":"Posted by MgoffBronx, NY, United States<a title=\"Built for Community Mapping\" href=\"http://www.platial.com\"><img src=\"http://media.geocommons.com/platial/images/logotype_small.jpg\"></a>","id":"a6qu0vsmnhil"},"type":"Feature","geometry":{"type":"Point","coordinates":[-73.866667,40.85]}},{"properties":{"name":"Brooklyn,  NY   (June-09)","description":"Posted by MgoffBrooklyn, NY, United States<a title=\"Built for Community Mapping\" href=\"http://www.platial.com\"><img src=\"http://media.geocommons.com/platial/images/logotype_small.jpg\"></a>","id":"a6qu0vyu8l2s"},"type":"Feature","geometry":{"type":"Point","coordinates":[-73.95,40.65]}},{"properties":{"name":"Brooklyn, NY   (May-05)","description":"Posted by MgoffBrooklyn, NY, United States<a title=\"Built for Community Mapping\" href=\"http://www.platial.com\"><img src=\"http://media.geocommons.com/platial/images/logotype_small.jpg\"></a>","id":"a6qu0vsqcwg7"},"type":"Feature","geometry":{"type":"Point","coordinates":[-73.95,40.65]}},{"properties":{"name":"Cabo frio,  RIO DE JANEIRO Brazil (June-09)","description":"Posted by MgoffCabo frio, RIO DE JANEIRO, Brazil<a title=\"Built for Community Mapping\" href=\"http://www.platial.com\"><img src=\"http://media.geocommons.com/platial/images/logotype_small.jpg\"></a>","id":"a6qu0vq3q18p"},"type":"Feature","geometry":{"type":"Point","coordinates":[-42.019876,-22.878683]}},{"properties":{"name":"Cedar Rapids,  IA   (June-02)","description":"Posted by MgoffCedar Rapids, IA, United States<a title=\"Built for Community Mapping\" href=\"http://www.platial.com\"><img src=\"http://media.geocommons.com/platial/images/logotype_small.jpg\"></a>","id":"a6qu0vqqn9sf"},"type":"Feature","geometry":{"type":"Point","coordinates":[-91.643889,42.008333]}},{"properties":{"name":"Charleston,  WV   (June-01)","description":"Posted by MgoffCharleston, WV, United States<a title=\"Built for Community Mapping\" href=\"http://www.platial.com\"><img src=\"http://media.geocommons.com/platial/images/logotype_small.jpg\"></a>","id":"a6qu0vqv8znu"},"type":"Feature","geometry":{"type":"Point","coordinates":[-81.632778,38.349722]}},{"properties":{"name":"Charleston,  WV   (June-02)","description":"Posted by MgoffCharleston, WV, United States<a title=\"Built for Community Mapping\" href=\"http://www.platial.com\"><img src=\"http://media.geocommons.com/platial/images/logotype_small.jpg\"></a>","id":"a6qu0votaw1e"},"type":"Feature","geometry":{"type":"Point","coordinates":[-81.632778,38.349722]}},{"properties":{"name":"Charleston,  WV   (June-03)","description":"Posted by MgoffCharleston, WV, United States<a title=\"Built for Community Mapping\" href=\"http://www.platial.com\"><img src=\"http://media.geocommons.com/platial/images/logotype_small.jpg\"></a>","id":"a6qu0vu33ebp"},"type":"Feature","geometry":{"type":"Point","coordinates":[-81.632778,38.349722]}},{"properties":{"name":"Charleston,  WV   (June-04)","description":"Posted by MgoffCharleston, WV, United States<a title=\"Built for Community Mapping\" href=\"http://www.platial.com\"><img src=\"http://media.geocommons.com/platial/images/logotype_small.jpg\"></a>","id":"a6qu0vusu2um"},"type":"Feature","geometry":{"type":"Point","coordinates":[-81.632778,38.349722]}},{"properties":{"name":"Charleston,  WV   (June-05)","description":"Posted by MgoffCharleston, WV, United States<a title=\"Built for Community Mapping\" href=\"http://www.platial.com\"><img src=\"http://media.geocommons.com/platial/images/logotype_small.jpg\"></a>","id":"a6qu0vy2xm9u"},"type":"Feature","geometry":{"type":"Point","coordinates":[-81.632778,38.349722]}},{"properties":{"name":"Charleston,  WV   (June-07)","description":"Posted by MgoffCharleston, WV, United States<a title=\"Built for Community Mapping\" href=\"http://www.platial.com\"><img src=\"http://media.geocommons.com/platial/images/logotype_small.jpg\"></a>","id":"a6qu0vr4dl9d"},"type":"Feature","geometry":{"type":"Point","coordinates":[-81.632778,38.349722]}},{"properties":{"name":"Charleston,  WV   (June-08)","description":"Posted by MgoffCharleston, WV, United States<a title=\"Built for Community Mapping\" href=\"http://www.platial.com\"><img src=\"http://media.geocommons.com/platial/images/logotype_small.jpg\"></a>","id":"a6qu0vq1mein"},"type":"Feature","geometry":{"type":"Point","coordinates":[-81.632778,38.349722]}},{"properties":{"name":"Charleston,  WV   (June-09)","description":"Posted by MgoffCharleston, WV, United States<a title=\"Built for Community Mapping\" href=\"http://www.platial.com\"><img src=\"http://media.geocommons.com/platial/images/logotype_small.jpg\"></a>","id":"a6qu0vwsica4"},"type":"Feature","geometry":{"type":"Point","coordinates":[-81.632778,38.349722]}},{"properties":{"name":"Charleston,  WV   (June-10)","description":"Posted by MgoffCharleston, WV, United States<a title=\"Built for Community Mapping\" href=\"http://www.platial.com\"><img src=\"http://media.geocommons.com/platial/images/logotype_small.jpg\"></a>","id":"a6qu0w1gv8hu"},"type":"Feature","geometry":{"type":"Point","coordinates":[-81.632778,38.349722]}},{"properties":{"name":"Charlottetown, PEI Canada   (July-07)","description":"Posted by MgoffCharlottetown, PEI, Canada<a title=\"Built for Community Mapping\" href=\"http://www.platial.com\"><img src=\"http://media.geocommons.com/platial/images/logotype_small.jpg\"></a>","id":"a6qu0vox76gd"},"type":"Feature","geometry":{"type":"Point","coordinates":[-63.135649,46.258585]}},{"properties":{"name":"Chattanooga, TN  (May-06)","description":"Posted by MgoffChattanooga, TN, United States<a title=\"Built for Community Mapping\" href=\"http://www.platial.com\"><img src=\"http://media.geocommons.com/platial/images/logotype_small.jpg\"></a>","id":"a6qu0vu39jsa"},"type":"Feature","geometry":{"type":"Point","coordinates":[-85.309722,35.045556]}},{"properties":{"name":"Chicago,  IL   (June-24)","description":"Posted by MgoffChicago, IL, United States<a title=\"Built for Community Mapping\" href=\"http://www.platial.com\"><img src=\"http://media.geocommons.com/platial/images/logotype_small.jpg\"></a>","id":"a6qu0vyadz2y"},"type":"Feature","geometry":{"type":"Point","coordinates":[-87.65,41.85]}},{"properties":{"name":"Cincinnati, OH   (June-08)","description":"Posted by MgoffCincinnati, OH, United States<a title=\"Built for Community Mapping\" href=\"http://www.platial.com\"><img src=\"http://media.geocommons.com/platial/images/logotype_small.jpg\"></a>","id":"a6qu0vyaevcm"},"type":"Feature","geometry":{"type":"Point","coordinates":[-84.456944,39.161944]}},{"properties":{"name":"Cincinnati, OH   (June-09)","description":"Posted by MgoffCincinnati, OH, United States<a title=\"Built for Community Mapping\" href=\"http://www.platial.com\"><img src=\"http://media.geocommons.com/platial/images/logotype_small.jpg\"></a>","id":"a6qu0vr5gm0y"},"type":"Feature","geometry":{"type":"Point","coordinates":[-84.456944,39.161944]}},{"properties":{"name":"Cincinnati, OH   (June-10)","description":"Posted by MgoffCincinnati, OH, United States<a title=\"Built for Community Mapping\" href=\"http://www.platial.com\"><img src=\"http://media.geocommons.com/platial/images/logotype_small.jpg\"></a>","id":"a6qu0vtahbs8"},"type":"Feature","geometry":{"type":"Point","coordinates":[-84.456944,39.161944]}},{"properties":{"name":"Colombo,  Sri Lanka (May-20)","description":"Posted by MgoffColombo, Sri Lanka<a title=\"Built for Community Mapping\" href=\"http://www.platial.com\"><img src=\"http://media.geocommons.com/platial/images/logotype_small.jpg\"></a>","id":"a6qu0vm83bur"},"type":"Feature","geometry":{"type":"Point","coordinates":[79.849998,6.929999]}},{"properties":{"name":"Conway, AR   (June-23)","description":"Posted by MgoffConway, AR, United States<a title=\"Built for Community Mapping\" href=\"http://www.platial.com\"><img src=\"http://media.geocommons.com/platial/images/logotype_small.jpg\"></a>","id":"a6qu0vmfm4az"},"type":"Feature","geometry":{"type":"Point","coordinates":[-92.441944,35.088611]}},{"properties":{"name":"Dayton,  OH   (June-02)","description":"Posted by MgoffDayton, OH, United States<a title=\"Built for Community Mapping\" href=\"http://www.platial.com\"><img src=\"http://media.geocommons.com/platial/images/logotype_small.jpg\"></a>","id":"a6qu0vqk9uwq"},"type":"Feature","geometry":{"type":"Point","coordinates":[-84.191667,39.758889]}},{"properties":{"name":"Des Moines, IO   (June-09)","description":"Posted by MgoffDes Moines, IA, United States<a title=\"Built for Community Mapping\" href=\"http://www.platial.com\"><img src=\"http://media.geocommons.com/platial/images/logotype_small.jpg\"></a>","id":"a6qu0vx0p3d7"},"type":"Feature","geometry":{"type":"Point","coordinates":[-93.608889,41.600556]}},{"properties":{"name":"Detroit,  MI   (July-25)","description":"Posted by MgoffDetroit, MI, United States<a title=\"Built for Community Mapping\" href=\"http://www.platial.com\"><img src=\"http://media.geocommons.com/platial/images/logotype_small.jpg\"></a>","id":"a6qu0vr67vor"},"type":"Feature","geometry":{"type":"Point","coordinates":[-83.045833,42.331389]}},{"properties":{"name":"Detroit,  MI   (June-03)","description":"Posted by MgoffDetroit, MI, United States<a title=\"Built for Community Mapping\" href=\"http://www.platial.com\"><img src=\"http://media.geocommons.com/platial/images/logotype_small.jpg\"></a>","id":"a6qu0vvl6l2o"},"type":"Feature","geometry":{"type":"Point","coordinates":[-83.045833,42.331389]}},{"properties":{"name":"Erie,  PA   (June-02)","description":"Posted by MgoffErie, PA, United States<a title=\"Built for Community Mapping\" href=\"http://www.platial.com\"><img src=\"http://media.geocommons.com/platial/images/logotype_small.jpg\"></a>","id":"a6qu0vlr4l19"},"type":"Feature","geometry":{"type":"Point","coordinates":[-80.085278,42.129167]}},{"properties":{"name":"Flagstaff,  AZ   (June-09)","description":"Posted by MgoffFlagstaff, AZ, United States<a title=\"Built for Community Mapping\" href=\"http://www.platial.com\"><img src=\"http://media.geocommons.com/platial/images/logotype_small.jpg\"></a>","id":"a6qu0vx6ksit"},"type":"Feature","geometry":{"type":"Point","coordinates":[-111.650556,35.198056]}},{"properties":{"name":"Fort Wayne,  IN   (July-27)","description":"Posted by MgoffFort Wayne, IN, United States<a title=\"Built for Community Mapping\" href=\"http://www.platial.com\"><img src=\"http://media.geocommons.com/platial/images/logotype_small.jpg\"></a>","id":"a6qu0vxc8mhd"},"type":"Feature","geometry":{"type":"Point","coordinates":[-85.128889,41.130556]}},{"properties":{"name":"Fresno,  CA   (June-02)","description":"Posted by MgoffFresno, CA, United States<a title=\"Built for Community Mapping\" href=\"http://www.platial.com\"><img src=\"http://media.geocommons.com/platial/images/logotype_small.jpg\"></a>","id":"a6qu0vldttgs"},"type":"Feature","geometry":{"type":"Point","coordinates":[-119.771389,36.747778]}},{"properties":{"name":"GUADALAJARA,  JALISCO Mexico (June-22)","description":"Posted by MgoffGUADALAJARA, JALISCO, Mexico<a title=\"Built for Community Mapping\" href=\"http://www.platial.com\"><img src=\"http://media.geocommons.com/platial/images/logotype_small.jpg\"></a>","id":"a6qu0vvyhxjd"},"type":"Feature","geometry":{"type":"Point","coordinates":[-103.343803,20.67359]}},{"properties":{"name":"Grand Rapids,  MI   (June-16)","description":"Posted by MgoffGrand Rapids, MI, United States<a title=\"Built for Community Mapping\" href=\"http://www.platial.com\"><img src=\"http://media.geocommons.com/platial/images/logotype_small.jpg\"></a>","id":"a6qu0vufwuk6"},"type":"Feature","geometry":{"type":"Point","coordinates":[-85.668056,42.963333]}},{"properties":{"name":"Guadalajara,  Jalisco Mexico (June-23)","description":"Posted by MgoffGuadalajara, Jalisco, Mexico<a title=\"Built for Community Mapping\" href=\"http://www.platial.com\"><img src=\"http://media.geocommons.com/platial/images/logotype_small.jpg\"></a>","id":"a6qu0w0t36vb"},"type":"Feature","geometry":{"type":"Point","coordinates":[-103.343803,20.67359]}},{"properties":{"name":"Halifax,  Nova Scotia Canada (July-21)","description":"Posted by MgoffHalifax, Nova Scotia, Canada<a title=\"Built for Community Mapping\" href=\"http://www.platial.com\"><img src=\"http://media.geocommons.com/platial/images/logotype_small.jpg\"></a>","id":"a6qu0vtvjl4v"},"type":"Feature","geometry":{"type":"Point","coordinates":[-63.6,44.65]}},{"properties":{"name":"Hamilton,  Ontario Canada (June-09)","description":"Posted by MgoffHamilton, Ontario, Canada<a title=\"Built for Community Mapping\" href=\"http://www.platial.com\"><img src=\"http://media.geocommons.com/platial/images/logotype_small.jpg\"></a>","id":"a6qu0w0tryv7"},"type":"Feature","geometry":{"type":"Point","coordinates":[-79.892195,43.242711]}},{"properties":{"name":"Hartford,  CT   (June-30)","description":"Posted by MgoffHartford, CT, United States<a title=\"Built for Community Mapping\" href=\"http://www.platial.com\"><img src=\"http://media.geocommons.com/platial/images/logotype_small.jpg\"></a>","id":"a6qu0vriaazq"},"type":"Feature","geometry":{"type":"Point","coordinates":[-72.685556,41.763611]}},{"properties":{"name":"Helsinki,   Finland (June-25)","description":"Posted by MgoffHelsinki, Finland<a title=\"Built for Community Mapping\" href=\"http://www.platial.com\"><img src=\"http://media.geocommons.com/platial/images/logotype_small.jpg\"></a>","id":"a6qu0vzg2ogc"},"type":"Feature","geometry":{"type":"Point","coordinates":[24.94,60.169998]}},{"properties":{"name":"Houston,  TX   (June-23)","description":"Posted by MgoffHouston, TX, United States<a title=\"Built for Community Mapping\" href=\"http://www.platial.com\"><img src=\"http://media.geocommons.com/platial/images/logotype_small.jpg\"></a>","id":"a6qu0vum3yay"},"type":"Feature","geometry":{"type":"Point","coordinates":[-95.363056,29.763056]}},{"properties":{"name":"Indianapolis,  IN   (June-09)","description":"Posted by MgoffIndianapolis, IN, United States<a title=\"Built for Community Mapping\" href=\"http://www.platial.com\"><img src=\"http://media.geocommons.com/platial/images/logotype_small.jpg\"></a>","id":"a6qu0w172c41"},"type":"Feature","geometry":{"type":"Point","coordinates":[-86.158056,39.768333]}},{"properties":{"name":"Jackson Heights (Queens), NY   (June-03)","description":"Posted by MgoffJackson Heights (Queens), NY, United States<a title=\"Built for Community Mapping\" href=\"http://www.platial.com\"><img src=\"http://media.geocommons.com/platial/images/logotype_small.jpg\"></a>","id":"a6qu0vrc0ygy"},"type":"Feature","geometry":{"type":"Point","coordinates":[-73.88757,40.74935]}},{"properties":{"name":"LONDON,   United Kingdom (June-30)","description":"Posted by MgoffLONDON, united kingdom<a title=\"Built for Community Mapping\" href=\"http://www.platial.com\"><img src=\"http://media.geocommons.com/platial/images/logotype_small.jpg\"></a>","id":"a6qu0vtd22z7"},"type":"Feature","geometry":{"type":"Point","coordinates":[-0.116667,51.5]}},{"properties":{"name":"Lancaster,  PA   (June-23)","description":"Posted by MgoffLancaster, PA, United States<a title=\"Built for Community Mapping\" href=\"http://www.platial.com\"><img src=\"http://media.geocommons.com/platial/images/logotype_small.jpg\"></a>","id":"a6qu0vo8yogz"},"type":"Feature","geometry":{"type":"Point","coordinates":[-76.305833,40.037778]}},{"properties":{"name":"Lansing, MI   (June-29)","description":"Posted by MgoffLansing, MI, United States<a title=\"Built for Community Mapping\" href=\"http://www.platial.com\"><img src=\"http://media.geocommons.com/platial/images/logotype_small.jpg\"></a>","id":"a6qu0w18r4is"},"type":"Feature","geometry":{"type":"Point","coordinates":[-84.555556,42.7325]}},{"properties":{"name":"Las Vegas, NV (May-12)","description":"Posted by MgoffLas Vegas, NV, United States<a title=\"Built for Community Mapping\" href=\"http://www.platial.com\"><img src=\"http://media.geocommons.com/platial/images/logotype_small.jpg\"></a>","id":"a6qu0vngwp5v"},"type":"Feature","geometry":{"type":"Point","coordinates":[-115.136389,36.175]}},{"properties":{"name":"Little Rock,  AR   (June-03)","description":"Posted by MgoffLittle Rock, AR, United States<a title=\"Built for Community Mapping\" href=\"http://www.platial.com\"><img src=\"http://media.geocommons.com/platial/images/logotype_small.jpg\"></a>","id":"a6qu0vp10ikf"},"type":"Feature","geometry":{"type":"Point","coordinates":[-92.289444,34.746389]}},{"properties":{"name":"London,   United Kingdom (June-16)","description":"Posted by MgoffLondon, United Kingdom<a title=\"Built for Community Mapping\" href=\"http://www.platial.com\"><img src=\"http://media.geocommons.com/platial/images/logotype_small.jpg\"></a>","id":"a6qu0vm8rs3s"},"type":"Feature","geometry":{"type":"Point","coordinates":[-0.116667,51.5]}},{"properties":{"name":"Long Beach,  CA   (May-19)","description":"Posted by Mgoff<a href=\"http://www.flickr.com/photos/52575956@N00/508286179/\"><img src=\"http://farm1.static.flickr.com/194/508286179_f2cbaf70ce.jpg\"></a><a href=\"http://www.flickr.com/photos/52575956@N00/508289093/\"><img src=\"http://farm1.static.flickr.com/220/508289093_10970d260a.jpg\"></a><a href=\"http://www.flickr.com/photos/52575956@N00/508287301/\"><img src=\"http://farm1.static.flickr.com/223/508287301_a38565c951.jpg\"></a><a href=\"http://www.flickr.com/photos/52575956@N00/508256260/\"><img src=\"http://farm1.static.flickr.com/202/508256260_203470006c.jpg\"></a><a href=\"http://www.flickr.com/photos/52575956@N00/508285727/\"><img src=\"http://farm1.static.flickr.com/221/508285727_a2eaf1f543.jpg\"></a><a href=\"http://www.flickr.com/photos/52575956@N00/508288171/\"><img src=\"http://farm1.static.flickr.com/216/508288171_17088b34d4.jpg\"></a><a href=\"http://www.flickr.com/photos/52575956@N00/508287849/\"><img src=\"http://farm1.static.flickr.com/216/508287849_ce456e8472.jpg\"></a><a href=\"http://www.flickr.com/photos/52575956@N00/508282301/\"><img src=\"http://farm1.static.flickr.com/222/508282301_da8bd1bdc6.jpg\"></a><a href=\"http://www.flickr.com/photos/52575956@N00/508290281/\"><img src=\"http://farm1.static.flickr.com/205/508290281_3b964665ab.jpg\"></a><img src=\"http://media.geocommons.com/platial/images/categories/ICON_recreation_verD.gif\"> <img src=\"http://media.geocommons.com/platial/images/categories/ICON_nature_verD.gif\"> Long Beach, CA, United States<a title=\"Built for Community Mapping\" href=\"http://www.platial.com\"><img src=\"http://media.geocommons.com/platial/images/logotype_small.jpg\"></a>","id":"a6qu0vo3q2vh"},"type":"Feature","geometry":{"type":"Point","coordinates":[-118.188333,33.766944]}},{"properties":{"name":"Los Angeles,  CA   (June-08)","description":"Posted by Mgoff<img src=\"http://media.geocommons.com/platial/img/2007/05/1/one_036.jpg\"><img src=\"http://media.geocommons.com/platial/img/2007/05/1/one_035.jpg\"><img src=\"http://media.geocommons.com/platial/img/2007/05/1/truck_500_1259.jpg\">Los Angeles, CA, United States<a title=\"Built for Community Mapping\" href=\"http://www.platial.com\"><img src=\"http://media.geocommons.com/platial/images/logotype_small.jpg\"></a>","id":"a6qu0vpmb85j"},"type":"Feature","geometry":{"type":"Point","coordinates":[-118.242778,34.052222]}},{"properties":{"name":"Louisville,  KY   (June-15)","description":"Posted by MgoffLouisville, KY, United States<a title=\"Built for Community Mapping\" href=\"http://www.platial.com\"><img src=\"http://media.geocommons.com/platial/images/logotype_small.jpg\"></a>","id":"a6qu0vrg1c94"},"type":"Feature","geometry":{"type":"Point","coordinates":[-85.759444,38.254167]}},{"properties":{"name":"Luxembourg,   Luxembourg (June-02)","description":"Posted by MgoffLuxembourg, Luxembourg<a title=\"Built for Community Mapping\" href=\"http://www.platial.com\"><img src=\"http://media.geocommons.com/platial/images/logotype_small.jpg\"></a>","id":"a6qu0vlcw95n"},"type":"Feature","geometry":{"type":"Point","coordinates":[6.119999,49.619998]}},{"properties":{"name":"Memphis,  TN   (June-09)","description":"Posted by MgoffMemphis, TN, United States<a title=\"Built for Community Mapping\" href=\"http://www.platial.com\"><img src=\"http://media.geocommons.com/platial/images/logotype_small.jpg\"></a>","id":"a6qu0vvxqknj"},"type":"Feature","geometry":{"type":"Point","coordinates":[-90.048889,35.149444]}},{"properties":{"name":"Miami Beach,  FL   (July-19)","description":"Posted by Mgoff<img src=\"http://media.geocommons.com/platial/images/categories/ICON_recreation_verD.gif\"> <img src=\"http://media.geocommons.com/platial/images/categories/ICON_nature_verD.gif\"> Miami Beach, FL, United States<a title=\"Built for Community Mapping\" href=\"http://www.platial.com\"><img src=\"http://media.geocommons.com/platial/images/logotype_small.jpg\"></a>","id":"a6qu0vogmx2z"},"type":"Feature","geometry":{"type":"Point","coordinates":[-80.130278,25.790278]}},{"properties":{"name":"Milwaukee,  WI   (June-08)","description":"Posted by MgoffMilwaukee, WI, United States<a title=\"Built for Community Mapping\" href=\"http://www.platial.com\"><img src=\"http://media.geocommons.com/platial/images/logotype_small.jpg\"></a>","id":"a6qu0vt3erfq"},"type":"Feature","geometry":{"type":"Point","coordinates":[-87.906389,43.038889]}},{"properties":{"name":"Minneapolis,  MN   (June-23)","description":"Posted by MgoffMinneapolis, MN, United States<a title=\"Built for Community Mapping\" href=\"http://www.platial.com\"><img src=\"http://media.geocommons.com/platial/images/logotype_small.jpg\"></a>","id":"a6qu0vnnp8qm"},"type":"Feature","geometry":{"type":"Point","coordinates":[-93.263611,44.98]}},{"properties":{"name":"Modesto,  CA   (June-30)","description":"Posted by MgoffModesto, CA, United States<a title=\"Built for Community Mapping\" href=\"http://www.platial.com\"><img src=\"http://media.geocommons.com/platial/images/logotype_small.jpg\"></a>","id":"a6qu0vw10rn8"},"type":"Feature","geometry":{"type":"Point","coordinates":[-120.995833,37.639167]}},{"properties":{"name":"Monterey,  CA   (July-13)","description":"Posted by MgoffMonterey, CA, United States<a title=\"Built for Community Mapping\" href=\"http://www.platial.com\"><img src=\"http://media.geocommons.com/platial/images/logotype_small.jpg\"></a>","id":"a6qu0vo1fko8"},"type":"Feature","geometry":{"type":"Point","coordinates":[-121.893611,36.600278]}},{"properties":{"name":"Monterey,  CA   (July-14)","description":"Posted by MgoffMonterey, CA, United States<a title=\"Built for Community Mapping\" href=\"http://www.platial.com\"><img src=\"http://media.geocommons.com/platial/images/logotype_small.jpg\"></a>","id":"a6qu0w1a8ua8"},"type":"Feature","geometry":{"type":"Point","coordinates":[-121.893611,36.600278]}},{"properties":{"name":"Montreal,  Quebec Canada (August-01)","description":"Posted by MgoffMontreal, Quebec, Canada<a title=\"Built for Community Mapping\" href=\"http://www.platial.com\"><img src=\"http://media.geocommons.com/platial/images/logotype_small.jpg\"></a>","id":"a6qu0vs0ln2k"},"type":"Feature","geometry":{"type":"Point","coordinates":[-73.675627,45.512363]}},{"properties":{"name":"Montreal,  Quebec Canada (June-15)","description":"Posted by MgoffMontreal, Quebec, Canada<a title=\"Built for Community Mapping\" href=\"http://www.platial.com\"><img src=\"http://media.geocommons.com/platial/images/logotype_small.jpg\"></a>","id":"a6qu0vt428aj"},"type":"Feature","geometry":{"type":"Point","coordinates":[-73.675627,45.512363]}},{"properties":{"name":"New City, NY   (June-10)","description":"Posted by MgoffNew City, NY, United States<a title=\"Built for Community Mapping\" href=\"http://www.platial.com\"><img src=\"http://media.geocommons.com/platial/images/logotype_small.jpg\"></a>","id":"a6qu0vrcy2b8"},"type":"Feature","geometry":{"type":"Point","coordinates":[-73.989722,41.1475]}},{"properties":{"name":"New York, NY   (June-17)","description":"Posted by MgoffNew York, NY, United States<a title=\"Built for Community Mapping\" href=\"http://www.platial.com\"><img src=\"http://media.geocommons.com/platial/images/logotype_small.jpg\"></a>","id":"a6qu0vo1etyv"},"type":"Feature","geometry":{"type":"Point","coordinates":[-74.006389,40.714167]}},{"properties":{"name":"Newark, NJ   (June-11)","description":"Posted by MgoffNewark, NJ, United States<a title=\"Built for Community Mapping\" href=\"http://www.platial.com\"><img src=\"http://media.geocommons.com/platial/images/logotype_small.jpg\"></a>","id":"a6qu0vu262rj"},"type":"Feature","geometry":{"type":"Point","coordinates":[-74.172778,40.735556]}},{"properties":{"name":"Northampton, MA (May-05)","description":"Posted by MgoffNorthampton, MA, United States<a title=\"Built for Community Mapping\" href=\"http://www.platial.com\"><img src=\"http://media.geocommons.com/platial/images/logotype_small.jpg\"></a>","id":"a6qu0vwn8qax"},"type":"Feature","geometry":{"type":"Point","coordinates":[-72.641667,42.325]}},{"properties":{"name":"Omaha,  NE   (June-08)","description":"Posted by MgoffOmaha, NE, United States<a title=\"Built for Community Mapping\" href=\"http://www.platial.com\"><img src=\"http://media.geocommons.com/platial/images/logotype_small.jpg\"></a>","id":"a6qu0vmj06jb"},"type":"Feature","geometry":{"type":"Point","coordinates":[-95.9375,41.258611]}},{"properties":{"name":"Our House is a very, very, very, fine house.","description":"Posted by Mgoffthis is a place i added as an example<a title=\"Built for Community Mapping\" href=\"http://www.platial.com\"><img src=\"http://media.geocommons.com/platial/images/logotype_small.jpg\"></a>","id":"a6qu0w04n206"},"type":"Feature","geometry":{"type":"Point","coordinates":[-144.31641,31.65338]}},{"properties":{"name":"Oxford,  Oxfordshire United Kingdom (July-14)","description":"Posted by MgoffOxford, Oxfordshire, United Kingdom<a title=\"Built for Community Mapping\" href=\"http://www.platial.com\"><img src=\"http://media.geocommons.com/platial/images/logotype_small.jpg\"></a>","id":"a6qu0vmv8nzj"},"type":"Feature","geometry":{"type":"Point","coordinates":[-1.255824,51.752276]}},{"properties":{"name":"Philadelphia,  PA   (June-10)","description":"Posted by MgoffPhiladelphia, PA, United States<a title=\"Built for Community Mapping\" href=\"http://www.platial.com\"><img src=\"http://media.geocommons.com/platial/images/logotype_small.jpg\"></a>","id":"a6qu0vrxdpyn"},"type":"Feature","geometry":{"type":"Point","coordinates":[-75.164167,39.952222]}},{"properties":{"name":"Pittsburgh,  PA   (June-16)","description":"Posted by MgoffPittsburgh, PA, United States<a title=\"Built for Community Mapping\" href=\"http://www.platial.com\"><img src=\"http://media.geocommons.com/platial/images/logotype_small.jpg\"></a>","id":"a6qu0vxo6uxr"},"type":"Feature","geometry":{"type":"Point","coordinates":[-79.996111,40.440556]}},{"properties":{"name":"Port Townsend,  WA   (June-29)","description":"Posted by MgoffPort Townsend, WA, United States<a title=\"Built for Community Mapping\" href=\"http://www.platial.com\"><img src=\"http://media.geocommons.com/platial/images/logotype_small.jpg\"></a>","id":"a6qu0vrf7h6a"},"type":"Feature","geometry":{"type":"Point","coordinates":[-122.759167,48.117222]}},{"properties":{"name":"Portland,  OR   (June-16)","description":"Posted by MgoffPortland, OR, United States<a title=\"Built for Community Mapping\" href=\"http://www.platial.com\"><img src=\"http://media.geocommons.com/platial/images/logotype_small.jpg\"></a>","id":"a6qu0w0fae41"},"type":"Feature","geometry":{"type":"Point","coordinates":[-122.675,45.523611]}},{"properties":{"name":"Providence,  RI   (June-16)","description":"Posted by MgoffProvidence, RI, United States<a title=\"Built for Community Mapping\" href=\"http://www.platial.com\"><img src=\"http://media.geocommons.com/platial/images/logotype_small.jpg\"></a>","id":"a6qu0vo0ztvc"},"type":"Feature","geometry":{"type":"Point","coordinates":[-71.413333,41.823889]}},{"properties":{"name":"Rio de Janeiro,  Rio de Janeiro Brazil (June-24)","description":"Posted by MgoffRio de Janeiro, Rio de Janeiro, Brazil<a title=\"Built for Community Mapping\" href=\"http://www.platial.com\"><img src=\"http://media.geocommons.com/platial/images/logotype_small.jpg\"></a>","id":"a6qu0vsdty9h"},"type":"Feature","geometry":{"type":"Point","coordinates":[-43.214998,-22.90937]}},{"properties":{"name":"Rochester, NY   (July-14)","description":"Posted by MgoffRochester, NY, United States<a title=\"Built for Community Mapping\" href=\"http://www.platial.com\"><img src=\"http://media.geocommons.com/platial/images/logotype_small.jpg\"></a>","id":"a6qu0vwlq2cs"},"type":"Feature","geometry":{"type":"Point","coordinates":[-77.615833,43.154722]}},{"properties":{"name":"Salt Lake City,  UT   (June-02)","description":"Posted by MgoffSalt Lake City, UT, United States<a title=\"Built for Community Mapping\" href=\"http://www.platial.com\"><img src=\"http://media.geocommons.com/platial/images/logotype_small.jpg\"></a>","id":"a6qu0vt2c9tm"},"type":"Feature","geometry":{"type":"Point","coordinates":[-111.890278,40.760833]}},{"properties":{"name":"San Antonio,  TX   (June-16)","description":"Posted by MgoffSan Antonio, TX, United States<a title=\"Built for Community Mapping\" href=\"http://www.platial.com\"><img src=\"http://media.geocommons.com/platial/images/logotype_small.jpg\"></a>","id":"a6qu0vn0erzh"},"type":"Feature","geometry":{"type":"Point","coordinates":[-98.493333,29.423889]}},{"properties":{"name":"San Diego,  CA   (July-21)","description":"Posted by MgoffSan Diego, CA, United States<a title=\"Built for Community Mapping\" href=\"http://www.platial.com\"><img src=\"http://media.geocommons.com/platial/images/logotype_small.jpg\"></a>","id":"a6qu0vxd4vlw"},"type":"Feature","geometry":{"type":"Point","coordinates":[-117.156389,32.715278]}},{"properties":{"name":"San Francisco, CA   (June-23)","description":"Posted by MgoffSan Francisco, CA, United States<a title=\"Built for Community Mapping\" href=\"http://www.platial.com\"><img src=\"http://media.geocommons.com/platial/images/logotype_small.jpg\"></a>","id":"a6qu0w134u6q"},"type":"Feature","geometry":{"type":"Point","coordinates":[-122.418333,37.775]}},{"properties":{"name":"Santa Fe,  NM   (June-23)","description":"Posted by MgoffSanta Fe, NM, United States<a title=\"Built for Community Mapping\" href=\"http://www.platial.com\"><img src=\"http://media.geocommons.com/platial/images/logotype_small.jpg\"></a>","id":"a6qu0vounsl5"},"type":"Feature","geometry":{"type":"Point","coordinates":[-105.937222,35.686944]}},{"properties":{"name":"Sao. Paulo,  SP Brazil  (June-7-9)","description":"Posted by MgoffS. Paulo, SP, Brazil<a title=\"Built for Community Mapping\" href=\"http://www.platial.com\"><img src=\"http://media.geocommons.com/platial/images/logotype_small.jpg\"></a>","id":"a6qu0vxzvr99"},"type":"Feature","geometry":{"type":"Point","coordinates":[-46.638818,-23.548943]}},{"properties":{"name":"Seattle,  WA   (June-23)","description":"Posted by MgoffSeattle, WA, United States<a title=\"Built for Community Mapping\" href=\"http://www.platial.com\"><img src=\"http://media.geocommons.com/platial/images/logotype_small.jpg\"></a>","id":"a6qu0vthaxmh"},"type":"Feature","geometry":{"type":"Point","coordinates":[-122.330833,47.606389]}},{"properties":{"name":"Seattle,  WA   (June-24)","description":"Posted by MgoffSeattle, WA, United States<a title=\"Built for Community Mapping\" href=\"http://www.platial.com\"><img src=\"http://media.geocommons.com/platial/images/logotype_small.jpg\"></a>","id":"a6qu0vm0v7gl"},"type":"Feature","geometry":{"type":"Point","coordinates":[-122.330833,47.606389]}},{"properties":{"name":"Spokane,  WA   (June-09)","description":"Posted by MgoffSpokane, WA, United States<a title=\"Built for Community Mapping\" href=\"http://www.platial.com\"><img src=\"http://media.geocommons.com/platial/images/logotype_small.jpg\"></a>","id":"a6qu0vxvreh9"},"type":"Feature","geometry":{"type":"Point","coordinates":[-117.425,47.658889]}},{"properties":{"name":"Springfield,  MO   (June-10)","description":"Posted by MgoffSpringfield, MO, United States<a title=\"Built for Community Mapping\" href=\"http://www.platial.com\"><img src=\"http://media.geocommons.com/platial/images/logotype_small.jpg\"></a>","id":"a6qu0vpam6bo"},"type":"Feature","geometry":{"type":"Point","coordinates":[-93.298056,37.215278]}},{"properties":{"name":"St. Louis,  MO   (June-23)","description":"Posted by MgoffSt. Louis, MO, United States<a title=\"Built for Community Mapping\" href=\"http://www.platial.com\"><img src=\"http://media.geocommons.com/platial/images/logotype_small.jpg\"></a>","id":"a6qu0vm0ogz7"},"type":"Feature","geometry":{"type":"Point","coordinates":[-90.197778,38.627222]}},{"properties":{"name":"St. Petersburg,  FL   (June-01)","description":"Posted by MgoffSt. Petersburg, FL, United States<a title=\"Built for Community Mapping\" href=\"http://www.platial.com\"><img src=\"http://media.geocommons.com/platial/images/logotype_small.jpg\"></a>","id":"a6qu0vrbruxp"},"type":"Feature","geometry":{"type":"Point","coordinates":[-82.679444,27.770556]}},{"properties":{"name":"Syracuse, NY   (June-09)","description":"Posted by MgoffSyracuse, NY, United States<a title=\"Built for Community Mapping\" href=\"http://www.platial.com\"><img src=\"http://media.geocommons.com/platial/images/logotype_small.jpg\"></a>","id":"a6qu0vqg2uoe"},"type":"Feature","geometry":{"type":"Point","coordinates":[-76.147778,43.048056]}},{"properties":{"name":"Tacoma,  WA   (July-14)","description":"Posted by MgoffTacoma, WA, United States<a title=\"Built for Community Mapping\" href=\"http://www.platial.com\"><img src=\"http://media.geocommons.com/platial/images/logotype_small.jpg\"></a>","id":"a6qu0vsibd2r"},"type":"Feature","geometry":{"type":"Point","coordinates":[-122.443056,47.253056]}},{"properties":{"name":"Tijuana,  Baja California Mexico (June-15)","description":"Posted by MgoffTijuana, Baja California, Mexico<a title=\"Built for Community Mapping\" href=\"http://www.platial.com\"><img src=\"http://media.geocommons.com/platial/images/logotype_small.jpg\"></a>","id":"a6qu0vputo3f"},"type":"Feature","geometry":{"type":"Point","coordinates":[-117.018204,32.533489]}},{"properties":{"name":"Toronto,  Ontario Canada (June-22)","description":"Posted by MgoffToronto, Ontario, Canada<a title=\"Built for Community Mapping\" href=\"http://www.platial.com\"><img src=\"http://media.geocommons.com/platial/images/logotype_small.jpg\"></a>","id":"a6qu0vv8k25y"},"type":"Feature","geometry":{"type":"Point","coordinates":[-79.392486,43.723057]}},{"properties":{"name":"Traverse City, MI   (July-22)","description":"Posted by MgoffTraverse City, MI, United States<a title=\"Built for Community Mapping\" href=\"http://www.platial.com\"><img src=\"http://media.geocommons.com/platial/images/logotype_small.jpg\"></a>","id":"a6qu0vlm7mdu"},"type":"Feature","geometry":{"type":"Point","coordinates":[-85.620556,44.763056]}},{"properties":{"name":"Tulsa,  OK   (June-02)","description":"Posted by MgoffTulsa, OK, United States<a title=\"Built for Community Mapping\" href=\"http://www.platial.com\"><img src=\"http://media.geocommons.com/platial/images/logotype_small.jpg\"></a>","id":"a6qu0vzb9nph"},"type":"Feature","geometry":{"type":"Point","coordinates":[-95.9925,36.153889]}},{"properties":{"name":"Vancouver,  British Columbia Canada (August-05)","description":"Posted by MgoffVancouver, British Columbia, Canada<a title=\"Built for Community Mapping\" href=\"http://www.platial.com\"><img src=\"http://media.geocommons.com/platial/images/logotype_small.jpg\"></a>","id":"a6qu0vrecdb4"},"type":"Feature","geometry":{"type":"Point","coordinates":[-123.111934,49.250494]}},{"properties":{"name":"Vancouver,  British Columbia Canada (July-28)","description":"Posted by MgoffVancouver, British Columbia, Canada<a title=\"Built for Community Mapping\" href=\"http://www.platial.com\"><img src=\"http://media.geocommons.com/platial/images/logotype_small.jpg\"></a>","id":"a6qu0vqntok9"},"type":"Feature","geometry":{"type":"Point","coordinates":[-123.111934,49.250494]}},{"properties":{"name":"Warszawa,  Poland (May-19)","description":"Posted by MgoffWarszawa, Poland<a title=\"Built for Community Mapping\" href=\"http://www.platial.com\"><img src=\"http://media.geocommons.com/platial/images/logotype_small.jpg\"></a>","id":"a6qu0vr2s3oj"},"type":"Feature","geometry":{"type":"Point","coordinates":[21.02,52.259998]}},{"properties":{"name":"Wilton Manors,  FL   (June-23)","description":"Posted by MgoffWilton Manors, FL, United States<a title=\"Built for Community Mapping\" href=\"http://www.platial.com\"><img src=\"http://media.geocommons.com/platial/images/logotype_small.jpg\"></a>","id":"a6qu0w1pn66m"},"type":"Feature","geometry":{"type":"Point","coordinates":[-80.139167,26.16]}},{"properties":{"name":"Windsor ,  Ontario Canada (July-23)","description":"Posted by MgoffWindsor, Ontario, Canada<a title=\"Built for Community Mapping\" href=\"http://www.platial.com\"><img src=\"http://media.geocommons.com/platial/images/logotype_small.jpg\"></a>","id":"a6qu0vso8bdp"},"type":"Feature","geometry":{"type":"Point","coordinates":[-82.997466,42.291192]}},{"properties":{"name":"Windsor ,  Ontario Canada (July-28)","description":"Posted by MgoffWindsor, Ontario, Canada<a title=\"Built for Community Mapping\" href=\"http://www.platial.com\"><img src=\"http://media.geocommons.com/platial/images/logotype_small.jpg\"></a>","id":"a6qu0vx38h2l"},"type":"Feature","geometry":{"type":"Point","coordinates":[-82.997466,42.291192]}},{"properties":{"name":"Winnipeg,    (May-31)","description":"Posted by MgoffWinnipeg, United States<a title=\"Built for Community Mapping\" href=\"http://www.platial.com\"><img src=\"http://media.geocommons.com/platial/images/logotype_small.jpg\"></a>","id":"a6qu0w09q6nm"},"type":"Feature","geometry":{"type":"Point","coordinates":[-92.33187,37.57111]}},{"properties":{"name":"Zurich,   Switzerland (June-01)","description":"Posted by MgoffZurich, Switzerland<a title=\"Built for Community Mapping\" href=\"http://www.platial.com\"><img src=\"http://media.geocommons.com/platial/images/logotype_small.jpg\"></a>","id":"a6qu0vtfr5oz"},"type":"Feature","geometry":{"type":"Point","coordinates":[8.539999,47.380001]}},{"properties":{"name":"istanbul,   Turkey (June-27)","description":"Posted by Mgoffistanbul, Turkey<a title=\"Built for Community Mapping\" href=\"http://www.platial.com\"><img src=\"http://media.geocommons.com/platial/images/logotype_small.jpg\"></a>","id":"a6qu0vr9bppy"},"type":"Feature","geometry":{"type":"Point","coordinates":[29.0,41.099998]}}],"is_temporal":false,"author":{"url":"http://www.platial.com/map/28921","metadata":null,"contact_name":"mgoff","contact_address":null,"source":"platial:mgoff","contact_phone":null},"source":"http://www.platial.com/map/28921","pagination":{"sort":null,"start":0,"total":117,"limit":1000000},"state":"complete","tags":"platial,platial:id=28921,platial:user=mgoff","published":"2010-03-02T17:00:00Z","id":26862}