{"type":"FeatureCollection","data_type":"Dataset","url_type":null,"permissions":[{"permissions":{"download":true,"view":true},"group_id":"everyone"}],"classification":null,"title":"\nMicroloans USA\n","count":85,"stream_id":27819,"contributor":{"url":"http://geocommons.com/users/11444","name":"platial"},"data_attributes":null,"calculation_params":null,"icon_link":null,"link":"http://geocommons.com/overlays/27819.json","extent":[-157.869,21.324,-71.065,47.7709],"geometry_types":["point"],"unique_name":null,"name":"\nMicroloans USA\n","feature_count":85,"description":"\nA Map by System\n\n\n","next_feature":null,"is_raster":false,"short_classification":"Y","stats":{},"features":[{"properties":{"name":"ACCION Texas, Inc.","description":"Posted by System2014 S. Hackberry Street  San Antonio, TX 78210Executive Director: Janie Barrera Microloan Contact: Elizabeth Montoya E-mail:info@acciontexas.org  Phone: 210-226-3664 Fax: 210-226-2940 Service Area: Arkansas, Atascosa, Austin, Bandera, Bastrop, Bee, Bexar, Blanco, Brewster, Brooks, Brownsville, Burnet, Carmeron, Caldwell, Calhoun, Comal, Concho, Corpus Christi, Crockett, Culberson, Dallas, DeWitt, Dimmit, Duval, Edwards, El Paso, Fayette, Fort Worth, Frio, Gillespie, Goliad, Gonzales, Green, Guadalupe, Harris, Hays, Houston, Hidalgo, Hudspeth, Irion, Jackson, Jeff Davis, Jim Hogg, Jim Wells, Karnes, Kendall, Kenedy, Kerr, Kimble, Kinney, Kleberg, Lampasas, Laredo, LaSalle, Lavaca, Lee, Live Oak, Llano, Loving, Mason, Maverick, Medina, McAllen, McCulloch, McMullen, Menard, Midland/Odessa, Nueces, Pecos, Presidio, Real, Reeves, Real, Reeves, Refugio, San Antonio, San Patricio, San Saba, Schleicher, Starr, Sutton, Tarrant, Tom Green, Travis, Uvalde, Val Verde, Victoria , Webb, Willacy, Zapata and Zavala counties <a title=\"Built for Community Mapping\" href=\"http://www.platial.com\"><img src=\"http://media.geocommons.com/platial/images/logotype_small.jpg\"></a>","id":"a6e15muax71o"},"type":"Feature","geometry":{"type":"Point","coordinates":[-98.473523,29.397347]}},{"properties":{"name":"Accion Chicago, Inc.","description":"Posted by System3245 W. 26th  Chicago, IL 60623President: F. Leroy Pacheco Microloan Contact: Jonathan Brereton E-mail: lpacheco@accionchicago.org  Phone: 773-376-9004 Fax: 773-376-9048 Service Area: Cook County (including parts of Chicago), Lake, McHenry, Dekalb, Kane, Dupage, Kendall, Grundy, Kankanee, Will, and Lasalle counties<a title=\"Built for Community Mapping\" href=\"http://www.platial.com\"><img src=\"http://media.geocommons.com/platial/images/logotype_small.jpg\"></a>","id":"a6e15n4ouh8l"},"type":"Feature","geometry":{"type":"Point","coordinates":[-87.706401,41.844632]}},{"properties":{"name":"Aliquippa Alliance for Unity and Dev","description":"Posted by System392 Franklin Ave Aliquippa, PA 15001Executive Director: Roseanne Stead Microloan Contact: Patricia Kribbs E-mail: pkribbs@aaud.org Phone: 724-378-7422 Fax: 724-378-9976 Service Area: Beaver, Butler, and Lawrence counties<a title=\"Built for Community Mapping\" href=\"http://www.platial.com\"><img src=\"http://media.geocommons.com/platial/images/logotype_small.jpg\"></a>","id":"a6e15mwi8glq"},"type":"Feature","geometry":{"type":"Point","coordinates":[-80.246209,40.61682]}},{"properties":{"name":"BiG AUSTIN- Businesses Investment Growth","description":"Posted by System4100 Ed Bluestein , Suite 207 Austin, TX 78741Executive Director: Jeannette Peten Microloan Contact: Ligia Trevino E-mail: info@bigaustin.org  Phone: 512-928-8010 Fax: 512-926-2997 Service Area: Travis, Williamson, Hays, Bastrop, Blanco, Burnet, Burleson, Milam, Gillespie, Lampasas, Lee, Llano, Mason, Mcculloch, and SanSaba counties<a title=\"Built for Community Mapping\" href=\"http://www.platial.com\"><img src=\"http://media.geocommons.com/platial/images/logotype_small.jpg\"></a>","id":"a6e15n43vchl"},"type":"Feature","geometry":{"type":"Point","coordinates":[-97.666981,30.280308]}},{"properties":{"name":"Buffalo Economic Renaissance","description":"Posted by System617 Main Street Buffalo, NY 14203 Executive Director: Marie F. Currie Microloan Contact: Marie F. Currie E-mail: mcurrie@berc.org Phone: 716-842-6923 Fax: 716-842-6942 Service Area: City of Buffalo<a title=\"Built for Community Mapping\" href=\"http://www.platial.com\"><img src=\"http://media.geocommons.com/platial/images/logotype_small.jpg\"></a>","id":"a6e15n3an94x"},"type":"Feature","geometry":{"type":"Point","coordinates":[-78.872406,42.890711]}},{"properties":{"name":"Buffalo and Erie County Industrial Land Dev","description":"Posted by System275 Oak Street Buffalo, NY 14203Executive Director: David Kerchoff Microloan Contact: David Kerchoff E-mail: dkerchof@ecidany.com Phone: 716-856-6525 &gt;Fax: 716-856-6754 Service Area: ErieCounty<a title=\"Built for Community Mapping\" href=\"http://www.platial.com\"><img src=\"http://media.geocommons.com/platial/images/logotype_small.jpg\"></a>","id":"a6e15n55sb9k"},"type":"Feature","geometry":{"type":"Point","coordinates":[-78.869362,42.888694]}},{"properties":{"name":"Business Resource Center Incubator","description":"Posted by System401 Franklin Ave. Waco, TX 76701Executive Director: John Dosher Microloan Contact: John Dosher E-mail:john@brc-waco.com  Phone: 254-754-8898 Fax: 254-756-0776 Service Area: Bell, Bosque, Coryell, Falls, Hill, and McLennan counties<a title=\"Built for Community Mapping\" href=\"http://www.platial.com\"><img src=\"http://media.geocommons.com/platial/images/logotype_small.jpg\"></a>","id":"a6e15n5bnmv5"},"type":"Feature","geometry":{"type":"Point","coordinates":[-97.129947,31.556756]}},{"properties":{"name":"CDC Small Business Finance Corp.","description":"Posted by System925 Ft. Stockton Dr. San Diego, CA 92110President: Kurt Chilcott Microloan Contact: Alex Robinson Phone: (619) 291-3594 Fax:(619) 291-6954 E-mail: arobinson@cdcloans.com Service Area: San Diego<a title=\"Built for Community Mapping\" href=\"http://www.platial.com\"><img src=\"http://media.geocommons.com/platial/images/logotype_small.jpg\"></a>","id":"a6e15myc7q9t"},"type":"Feature","geometry":{"type":"Point","coordinates":[-117.171611,32.750861]}},{"properties":{"name":"Cascades West Financial Services","description":"Posted by System1400 Queen Avenue SE, Suite 205c Albany, OR 97222Executive Director: Mary-Merriman Smith Microloan Contact: Diane Searle E-mail:dsearle@ocwcog.org  Phone: 541-924-8480 Fax: 541-967-4651 Service Area: Benton, Lane, Lincoln, Linn, Marion, Polk, and Yamhill counties<a title=\"Built for Community Mapping\" href=\"http://www.platial.com\"><img src=\"http://media.geocommons.com/platial/images/logotype_small.jpg\"></a>","id":"a6e15n8e81vu"},"type":"Feature","geometry":{"type":"Point","coordinates":[-122.599003,45.446841]}},{"properties":{"name":"Center for Community Development","description":"Posted by System440 High Street Suite 204 Portsmouth, VA 23704Executive Director: Bruce Asberry Microloan Contact: Monique Harrell E-mail:profitl@ccdi-va.net  Phone: 757-399-0925 Fax: 757-399-2642 Service Area: Chesapeake, Essen, Gloucester, Hampton, King and Queens, King William, Mathews, Middlesex, Newport News, Norfolk, Portsmouth, Suffolk, and Virginia Beach<a title=\"Built for Community Mapping\" href=\"http://www.platial.com\"><img src=\"http://media.geocommons.com/platial/images/logotype_small.jpg\"></a>","id":"a6e15n6n0w80"},"type":"Feature","geometry":{"type":"Point","coordinates":[-76.301575,36.835848]}},{"properties":{"name":"Center for Empowerment and Economic Dev","description":"Posted by System2002 Hogback Road Suite 12 Ann Arbor, MI 48105Executive Director: Michelle Richards Microloan Contact: Michelle Richards E-mail:mrichards@wwnet.net  Phone: 734-677-1400 Fax: 734-677-1465 Service Area: Washtenaw, Oakland, Wayne, and Livingston counties<a title=\"Built for Community Mapping\" href=\"http://www.platial.com\"><img src=\"http://media.geocommons.com/platial/images/logotype_small.jpg\"></a>","id":"a6e15mxttebo"},"type":"Feature","geometry":{"type":"Point","coordinates":[-83.680509,42.258895]}},{"properties":{"name":"Clearwater Neighborhood Housing Services","description":"Posted by System608 North Garden Avenue  Clearwater, FL 33755Executive Director: Isay M. Gulley Microloan Contact: John J. Moloney E-mail: jmoloney82@hotmail.com Phone: 727-442-4155 Fax: 727-446-4911 Service Area: City of Clearwater and Pinellas county<a title=\"Built for Community Mapping\" href=\"http://www.platial.com\"><img src=\"http://media.geocommons.com/platial/images/logotype_small.jpg\"></a>","id":"a6e15n15qav8"},"type":"Feature","geometry":{"type":"Point","coordinates":[-82.798716,27.971987]}},{"properties":{"name":"Colorado Enterprise Fund","description":"Posted by System1888 Sherman Street Suite 530 Denver, CO 80203Executive Director: Cecilia H. Prinster Microloan Contact: Angela Valdez E-mail: microloans@ColoradoEnterpriseFund.org  Phone: 303-860-0242 Fax: 303-860-0409 Service Area: City of Denver, and Adams, Arapahoe Boulder, Denver, and Jefferson counties, 10 counties in Eastern Colorado<a title=\"Built for Community Mapping\" href=\"http://www.platial.com\"><img src=\"http://media.geocommons.com/platial/images/logotype_small.jpg\"></a>","id":"a6e15n0ely9d"},"type":"Feature","geometry":{"type":"Point","coordinates":[-104.985136,39.746053]}},{"properties":{"name":"Community Capital Development","description":"Posted by System900 Michigan Ave Columbus, OH 43215-1165Executive Director: Brad Shimp Microloan Contact: Stephanie Mendivil  E-mail: brad.shimp@ccdcorp.org  Phone: 614-645-0387 Fax: 614- 645-8588 Service Area: Franklin, Delaware, Fairfield, Licking,Union, Pickaway, Fayette, and Madison counties<a title=\"Built for Community Mapping\" href=\"http://www.platial.com\"><img src=\"http://media.geocommons.com/platial/images/logotype_small.jpg\"></a>","id":"a6e15n74kx6j"},"type":"Feature","geometry":{"type":"Point","coordinates":[-83.016903,39.979405]}},{"properties":{"name":"Community Capital Development","description":"Posted by System1437 South Jackson, Suite 201 Seattle, WA 98144Executive Director: Jim Thomas Microloan Contact: Art Mickel E-mail: artm@seattleccd.com Phone: 206-324-4330 ext. 104 Service Area: Adams, Chelan, Douglas, Grant, Kittitas, Klickitat, Okanogan, Yakima, King, Pierce, Skagit, San Juan, Snohomish, Island, Kitsap and Whatcom<a title=\"Built for Community Mapping\" href=\"http://www.platial.com\"><img src=\"http://media.geocommons.com/platial/images/logotype_small.jpg\"></a>","id":"a6e15mvvb8md"},"type":"Feature","geometry":{"type":"Point","coordinates":[-122.313827,47.59922]}},{"properties":{"name":"Community Dev Corp of Long Island","description":"Posted by System2100 Middle Country Road Suite 300 Centereach, NY 11720Executive Director: Wilbur Klatsky Microloan Contact: Trevor Davis E-mail: tdavis@cdcli.org  Phone: 631-471-1215 Fax: 631-471-1210 Service Area: Suffolk and Nassau counties<a title=\"Built for Community Mapping\" href=\"http://www.platial.com\"><img src=\"http://media.geocommons.com/platial/images/logotype_small.jpg\"></a>","id":"a6e15n6uztxv"},"type":"Feature","geometry":{"type":"Point","coordinates":[-73.082963,40.858406]}},{"properties":{"name":"Community Dev Transportation Lending Services","description":"Posted by System1341 G Street, NW, Suite 600 Washington, DC 20005Executive Director: Dale J. Marsico Microloan Contact: Patrick Kellogg E-mail: Kellogg@ctaa.org Phone: 202-661-0210 Fax: 202-737-9197 Service Area: North Central Massachusetts - county subdivisions of Athol, Winchendon, Gardner, Templeton, Phillipston, Orange, Erving, Wendell, Montague, Gill, and Greenfield counties<a title=\"Built for Community Mapping\" href=\"http://www.platial.com\"><img src=\"http://media.geocommons.com/platial/images/logotype_small.jpg\"></a>","id":"a6e15n44xamq"},"type":"Feature","geometry":{"type":"Point","coordinates":[-77.030573,38.898315]}},{"properties":{"name":"Community Development Resources","description":"Posted by System1135 M Street Lincoln, NE 68508-3169Executive Director: Rick Wallace Microloan Contact:  E-mail: rwallace@alltel.net Phone: 402-436-2386 Fax: 402-436-2360 Service Area: Lancaster and Lincoln counties<a title=\"Built for Community Mapping\" href=\"http://www.platial.com\"><img src=\"http://media.geocommons.com/platial/images/logotype_small.jpg\"></a>","id":"a6e15n4h1m80"},"type":"Feature","geometry":{"type":"Point","coordinates":[-96.704808,40.811402]}},{"properties":{"name":"Community Equity Investments","description":"Posted by System302 North Barcelona Street  Pensacola, FL 32501Executive Director: Daniel Horvath Microloan Contact: Elbert Jones E-mail: bigdanfla@aol.com eljojr@aol.com ceii2234@aol.com Phone: 850-595-6234 Fax: 850-595-6264 Service Area: Baldwin, Mobile, Washington, Clarke, Monroe, Escambia, Conecuh, Covington, Geneva, Coffee, Dale, Henry, and Houston counties<a title=\"Built for Community Mapping\" href=\"http://www.platial.com\"><img src=\"http://media.geocommons.com/platial/images/logotype_small.jpg\"></a>","id":"a6e15mywjiqg"},"type":"Feature","geometry":{"type":"Point","coordinates":[-87.220074,30.416215]}},{"properties":{"name":"Community Loan Fund of Southwestern PA","description":"Posted by System1920 Gulf Towers ---707 Grant Street Pittsburgh, PA 15219Executive Director: Mark Peterson Microloan Contact: Laura Swiss E-mail:mpeterson@clfund.com mbevan@clfund.com Phone: 412-201-2450 Fax: 412-201-2451 Service Area: Allegheny, Armstong, Beaver, Butler and Indiana counties<a title=\"Built for Community Mapping\" href=\"http://www.platial.com\"><img src=\"http://media.geocommons.com/platial/images/logotype_small.jpg\"></a>","id":"a6e15mtul1g4"},"type":"Feature","geometry":{"type":"Point","coordinates":[-79.994702,40.442679]}},{"properties":{"name":"Community Ventures Corporation","description":"Posted by System1450 North Broadway  Lexington, KY 40505Executive Director: Kevin R. Smith Microloan Contact: David Collins / Tyrone Tyra E-mail: cvccorp@prodigy.net  Phone: 859-231-0054 Fax: 859-231-0261 Service Area: Anderson, Bourbon, Boyle, Clark, Estill, Fayette, Franklin, Garrard, Harrison, Jessamine, Lincoln, Madison, Mercer, Nicholas, Powell, Scott, and Woodford counties<a title=\"Built for Community Mapping\" href=\"http://www.platial.com\"><img src=\"http://media.geocommons.com/platial/images/logotype_small.jpg\"></a>","id":"a6e15mwh5mqe"},"type":"Feature","geometry":{"type":"Point","coordinates":[-84.476199,38.065382]}},{"properties":{"name":"Cooperative Business Assistance","description":"Posted by System328 Market Street Camden, NJ 08102Contact: Harry W. Stone, CPA E-mail: hstone@cbaclenders.com Phone: 856-966-8181  Service Area: Atlantic, Camden, Cape May, Cumberland, Gloucester, and Salem counties<a title=\"Built for Community Mapping\" href=\"http://www.platial.com\"><img src=\"http://media.geocommons.com/platial/images/logotype_small.jpg\"></a>","id":"a6e15mxzxs07"},"type":"Feature","geometry":{"type":"Point","coordinates":[-75.122949,39.946055]}},{"properties":{"name":"Dorchester Bay Economic Dev","description":"Posted by System594 Columbia Road, Suite 302 Dorchester, MA 02125Executive Director: Cristo R. Banda Microloan Contact: Cristo R. Banda E-mail: cbanda@dbedc.com  Phone: 617-825-4200 Fax: 617-825-3522 Service Area: Suffolk and Norfolk Counties<a title=\"Built for Community Mapping\" href=\"http://www.platial.com\"><img src=\"http://media.geocommons.com/platial/images/logotype_small.jpg\"></a>","id":"a6e15n3utnxi"},"type":"Feature","geometry":{"type":"Point","coordinates":[-71.064995,42.31718]}},{"properties":{"name":"Economic Ventures, Inc.","description":"Posted by System1545 Western Avenue, Suite 110  Knoxville, TN 37921Executive Director: Allison Sousa Microloan Contact: Alacia Harper E-mail:asousa@evitn.org Phone: 865-524-0360 Fax: 865-524-3437 Service Area: Anderson, Blount, Campbell, Clairborne, Cocke, Grainger, Hamblen, Jefferson, Knox, Loudon, Monroe, Morgan Roane, Scott, Sevier, Union, Greene, Hancock, Hawkins, Sullivan, Washington, Johnson, Carter, and Unicoi counties<a title=\"Built for Community Mapping\" href=\"http://www.platial.com\"><img src=\"http://media.geocommons.com/platial/images/logotype_small.jpg\"></a>","id":"a6e15n0dldx5"},"type":"Feature","geometry":{"type":"Point","coordinates":[-83.935272,35.966097]}},{"properties":{"name":"Enterprise Development Corp","description":"Posted by System9030 Hocking Hills Drive  The Plains, OH 45780-1209Executive Director: Gary Seeley Microloan Contact:  E-mail:gseeley@edcseo.org Phone: 740-797-9646 Fax: 740-797-9659 Service Area: Adams, Ashland, Athens, Belmont, Brown, Carroll, Columbiana, Coshocton, Gallia, Guernsey, Harrison, Highland, Holmes, Jackson, Jefferson, Knox, Lawrence, Meigs, Monroe, Morgan, Muskingum, Hocking, Noble, Perry, Pike, Ross, Scioto, Tuscarawas, Vinton, and Washington counties<a title=\"Built for Community Mapping\" href=\"http://www.platial.com\"><img src=\"http://media.geocommons.com/platial/images/logotype_small.jpg\"></a>","id":"a6e15mx2grg6"},"type":"Feature","geometry":{"type":"Point","coordinates":[-82.120404,39.365831]}},{"properties":{"name":"Enterprise Development Group","description":"Posted by System1038 South Highland Street  Arlington, VA 22204Executive Director: Tschaye Teferra Microloan Contact: Haddish Welday E-mail: belay.embaye@ECDCinternatinal.org  Phone: 703-685-0510 Fax: 703-685-0529 Service Area: District of Columbia<a title=\"Built for Community Mapping\" href=\"http://www.platial.com\"><img src=\"http://media.geocommons.com/platial/images/logotype_small.jpg\"></a>","id":"a6e15mvexppa"},"type":"Feature","geometry":{"type":"Point","coordinates":[-77.088134,38.861655]}},{"properties":{"name":"Friends of Children of Mississippi","description":"Posted by System939 North President Street Jackson, MS 39202Executive Director: Marvin Hogan Microloan Contact: Stephanie Williams E-mail:eagleeye@misnet.com  Phone: 601-353-3264 Fax: 601-714-4278 Service Area: Statewide<a title=\"Built for Community Mapping\" href=\"http://www.platial.com\"><img src=\"http://media.geocommons.com/platial/images/logotype_small.jpg\"></a>","id":"a6e15mzjjf06"},"type":"Feature","geometry":{"type":"Point","coordinates":[-90.179069,32.311206]}},{"properties":{"name":"Greater Newark Business Dev Consortium","description":"Posted by System744 Broad St. 27th Floor Newark, NJ 07102Contact: Desiree Sealey (973) 242-4134  Service Area: Statewide<a title=\"Built for Community Mapping\" href=\"http://www.platial.com\"><img src=\"http://media.geocommons.com/platial/images/logotype_small.jpg\"></a>","id":"a6e15n2m4c4v"},"type":"Feature","geometry":{"type":"Point","coordinates":[-74.17191,40.736939]}},{"properties":{"name":"Greater Springfield Entrepreneurial Fund","description":"Posted by System1441 Main Street  Springfield, MA 01103Executive Director: Sylvia Poole Microloan Contact:  E-mail: poole@myonlinechamber.com  Phone: 413-755-1318 Fax: 413-731-8530 Service Area: Hampden County excluding the towns of Chester and Chicopes<a title=\"Built for Community Mapping\" href=\"http://www.platial.com\"><img src=\"http://media.geocommons.com/platial/images/logotype_small.jpg\"></a>","id":"a6e15mt6ygi9"},"type":"Feature","geometry":{"type":"Point","coordinates":[-72.590957,42.102528]}},{"properties":{"name":"Growth Opportunity Connection","description":"Posted by System4747 Troost Avenue  Kansas City, MO 64110Executive Director: Alan Corbet Microloan Contact: Rebecca Gubbels E-mail: info@goconnection.org  Phone: 816-235-6146 Fax: 816-756-1530 Service Area: Wyandotte, Johnson, Douglas, and Leavenworth counties<a title=\"Built for Community Mapping\" href=\"http://www.platial.com\"><img src=\"http://media.geocommons.com/platial/images/logotype_small.jpg\"></a>","id":"a6e15n52zquj"},"type":"Feature","geometry":{"type":"Point","coordinates":[-94.573059,39.040399]}},{"properties":{"name":"H Street Community Development","description":"Posted by System501 H Street, NE  Washington, DC 20002Executive Director: William Barrow Microloan Contact: Yulonda Queen E-mail: yulonda.queen@hstreetcdc.org  Phone: 202-544-8353 Fax: 202-544-3051 Service Area: West-the Anacostia River; East-7th Street, N.W.; North-Benning Road to K Street; and South-the Southeast/Southwest Freeway: Servicing Capitol Hill, H Street-N.E., Lincoln Park, Mt. Vernon Square, Judiciary Square, Benning Road-West of the Anacostia River, Union Station, Stadium Armory, and Lower North Capitol. Eastern border of North Capitol to Rhode Island to 7th Street, N.W.; North-Eastern Avenue to North Capitol; and Southeast/Southwest Freeway: Servicing Eckington, Catholic University, Michigan Park, Edgewood, Brookland, Ft. Lincoln, New York Avenue, Florida Avenue, Brentwood-D.C., Woodridge, Trinidad, and N.E. Rhode Island Avenue, Silver Springs, Takoma Park, Hyattsville, Riverdale, Bladensburg, Seat Pleasant, Capitol Heights, District Heights, Cheverly, Landover, Suitland, Hillcrest Heights, Marlow Heights, Oxon Hill, Mt. Rainier, and Coral Hills<a title=\"Built for Community Mapping\" href=\"http://www.platial.com\"><img src=\"http://media.geocommons.com/platial/images/logotype_small.jpg\"></a>","id":"a6e15mw8yfir"},"type":"Feature","geometry":{"type":"Point","coordinates":[-76.999507,38.900204]}},{"properties":{"name":"Hamilton County Dev Company","description":"Posted by System1776 Mentor Avenue  Cincinnati, OH 45212Executive Director: David Main Microloan Contact: Lou Ann Walden E-mail:lawalden@hcdc.com  Phone: 513-631-8292 Fax: 513-631-4887 Service Area: City of Cincinnati, Adams, Brown, Butler, Clermont, Clinton, Hamilton, Warren, and Highland counties<a title=\"Built for Community Mapping\" href=\"http://www.platial.com\"><img src=\"http://media.geocommons.com/platial/images/logotype_small.jpg\"></a>","id":"a6e15mvvm8k4"},"type":"Feature","geometry":{"type":"Point","coordinates":[-84.466761,39.151779]}},{"properties":{"name":"Hudson Development Company","description":"Posted by System444 Warren Street  Hudson, NY 12534-2415Executive Director: Bernardina C. Torrey Microloan Contact: John Galvin E-mail: jgalvin@mhcable.com  Phone: 518-828-4718 Fax: 518-828-0901 Service Area: Columbia, and Green counties<a title=\"Built for Community Mapping\" href=\"http://www.platial.com\"><img src=\"http://media.geocommons.com/platial/images/logotype_small.jpg\"></a>","id":"a6e15n2eeyhe"},"type":"Feature","geometry":{"type":"Point","coordinates":[-73.787818,42.250408]}},{"properties":{"name":"Justine Petersen Housing &amp; Reinvestment","description":"Posted by System5031 Northrup Avenue  St. Louis, MO 63110Executive Director: Robert Boyle Microloan Contact: Sheri Fannigan-Vasquez E-mail: flanigan@justinepetersen.org  Phone: 314-664-5051 ext. 117 Fax: 314-644-5364 Service Area: Clinton, Jersey, Madison, and St. Clair counties<a title=\"Built for Community Mapping\" href=\"http://www.platial.com\"><img src=\"http://media.geocommons.com/platial/images/logotype_small.jpg\"></a>","id":"a6e15n40ttz8"},"type":"Feature","geometry":{"type":"Point","coordinates":[-90.269131,38.619553]}},{"properties":{"name":"Lake Agassiz Regional Dev","description":"Posted by System417 Main Avenue  Fargo, ND 58103Executive Director: Irvin Rustad Microloan Contact: Darin Bullinger E-mail:darin@lakeagassiz.com  Phone: 701-235-1197 Fax: 701-235-6706 Service Area: Griggs, Bismarck, Mandan, Jamestown, and Valley City<a title=\"Built for Community Mapping\" href=\"http://www.platial.com\"><img src=\"http://media.geocommons.com/platial/images/logotype_small.jpg\"></a>","id":"a6e15n16uy0q"},"type":"Feature","geometry":{"type":"Point","coordinates":[-96.78523,46.874187]}},{"properties":{"name":"LeMoyne-Owen College Community Dev","description":"Posted by System802 Walker Avenue, Suite 5 Memphis, TN 38126Executive Director: Jeffrey T. Higgs Microloan Contact: Michael Massey E-mail: jeffrey_higgs@nile.lemoyne-owen.edu Phone: 901-508-2823 Fax: 901-942-6448 Service Area: Memphis and Shelby county<a title=\"Built for Community Mapping\" href=\"http://www.platial.com\"><img src=\"http://media.geocommons.com/platial/images/logotype_small.jpg\"></a>","id":"a6e15mulme7x"},"type":"Feature","geometry":{"type":"Point","coordinates":[-90.034787,35.119291]}},{"properties":{"name":"Lincoln Neighborhood Redevelopment","description":"Posted by System2266 S. 13th St. Milwaukee, WI 53215Executive Director: Michael Gapinski Microloan Contact: Matthew Maigatter Phone: 414-671-5619 Fax: 414-385-3270 E-mail: LNRC@cbgmail.com Area Served: Greater Milwaukee SMSA<a title=\"Built for Community Mapping\" href=\"http://www.platial.com\"><img src=\"http://media.geocommons.com/platial/images/logotype_small.jpg\"></a>","id":"a6e15mzyf3ui"},"type":"Feature","geometry":{"type":"Point","coordinates":[-87.928684,43.003372]}},{"properties":{"name":"Little Dixie Community Action","description":"Posted by System502 West Duke St. Hugo, OK 74743Executive Director: Bob Yandell Microloan Contact:Tommy Butler, 580-326-6441 E-mail: byandell@littledixie.org or tbutler@littledixie.org or nublel@yahoo.com Phone: 580-326-3351 Fax: 580-326-2305 Service Area: Choctaw, McCurtain, and Pushmataha counties<a title=\"Built for Community Mapping\" href=\"http://www.platial.com\"><img src=\"http://media.geocommons.com/platial/images/logotype_small.jpg\"></a>","id":"a6e15n6d0evz"},"type":"Feature","geometry":{"type":"Point","coordinates":[-95.517158,34.010464]}},{"properties":{"name":"Louisville Central Dev Corp","description":"Posted by System1407 West Jefferson Street, Ste. 200  Louisville, KY 40203Executive Director: Sam Watkins Jr. Microloan Contact: Kirk Bright  E-mail: swatkins@louisvillecentralcenters.org  kbright@louisvillecentralcenters.org  Phone: 502-583-8821 Fax: 502-589-1173 Service Area: Jefferson County/Primary focus Enterprise Impowerment Zone<a title=\"Built for Community Mapping\" href=\"http://www.platial.com\"><img src=\"http://media.geocommons.com/platial/images/logotype_small.jpg\"></a>","id":"a6e15n2azi05"},"type":"Feature","geometry":{"type":"Point","coordinates":[-85.77396,38.255682]}},{"properties":{"name":"Minnesota Minneapolis Consortium of Community Developers","description":"Posted by System2308 Central Avenue, N.E.  Minn eapolis, MN 55418-3710Executive Director: Jim Roth Microloan Contact: Jim Roth E-mail:Jroth@cando.org  Phone: 612-789-7337 Fax: 612-789-8448 Service Area: Portions of the City of Minneapolis<a title=\"Built for Community Mapping\" href=\"http://www.platial.com\"><img src=\"http://media.geocommons.com/platial/images/logotype_small.jpg\"></a>","id":"a6e15n1cb137"},"type":"Feature","geometry":{"type":"Point","coordinates":[-93.247524,45.010871]}},{"properties":{"name":"Minority","description":"Posted by System625 E. Colonial Drive Orlando, FL 32803Executive Director: Geovanny Sepulveda Microloan Contact: Geovanny Sepulveda E-mail: geovanny4@hotmail.com  Phone: 407-428-5860 Fax: 407-428-5869 Service Area: Orange, Osceola, Lake, Seminole, Polk, Hillsborough, Sumter, Brevard, Volusia, and Marion counties<a title=\"Built for Community Mapping\" href=\"http://www.platial.com\"><img src=\"http://media.geocommons.com/platial/images/logotype_small.jpg\"></a>","id":"a6e15mt3jhrn"},"type":"Feature","geometry":{"type":"Point","coordinates":[-81.370101,28.553103]}},{"properties":{"name":"Neighborhood Housing Services of Dimmitt County","description":"Posted by System301 Pena Street  Carrizo Springs, TX 78834Executive Director: Manuel Estrada, Jr. Microloan Contact: Manuel Estrada, Jr. E-mail: nhsdc@brushco.net Phone: 830-876-5295 Fax: 830-876-4136 Service Area: Dimmit, La Salle, Zavala Edwards, Kinney, Real, Uvalde, Val Verde and Maverick counties<a title=\"Built for Community Mapping\" href=\"http://www.platial.com\"><img src=\"http://media.geocommons.com/platial/images/logotype_small.jpg\"></a>","id":"a6e15mu7ieno"},"type":"Feature","geometry":{"type":"Point","coordinates":[-99.858254,28.521231]}},{"properties":{"name":"NewCorp Business Assistance Center","description":"Posted by System1600 Canal Street, Suite 601 New Orleans, LA 70112Executive Director: Vaughn R. Fauria Microloan Contact: Romona D. Summers  Phone: (504) 539-9340 Fax: (504) 539-9343 E-mail: newcorpinfo@newcorpbac.net Service Area: State of Louisiana<a title=\"Built for Community Mapping\" href=\"http://www.platial.com\"><img src=\"http://media.geocommons.com/platial/images/logotype_small.jpg\"></a>","id":"a6e15mwm1ebv"},"type":"Feature","geometry":{"type":"Point","coordinates":[-90.076938,29.958372]}},{"properties":{"name":"North Central PA Regional Planning and Dev. Commission","description":"Posted by System651 Montmorenci Avenue Ridgway, PA 15853Executive Director: Ronald W. Kuleck Microloan Contact: Jill Foys E-mail:jfoys@ncentral.com  Phone: 814-773-3162 Fax: 814-772-7045 Service Area: Cameron, Clearfield, Elk, Jefferson, McKean and Potter counties<a title=\"Built for Community Mapping\" href=\"http://www.platial.com\"><img src=\"http://media.geocommons.com/platial/images/logotype_small.jpg\"></a>","id":"a6e15n8jlj9t"},"type":"Feature","geometry":{"type":"Point","coordinates":[-78.741976,41.433497]}},{"properties":{"name":"Northeast Entrepreneur Fund","description":"Posted by System820 Ninth Street North Suite 200 Virginia, MN 55792Executive Director: Mary Mathews Microloan Contact: Bob Voss E-mail:info@entrepreneurfund.org Phone: 218-749-4191, or 800-422-0374 Fax: 218-749-5213 Service Area: Aitkin, Carlton, Cook, Itasca, Koochiching, Lake, Cass, Pine and St.Louis counties<a title=\"Built for Community Mapping\" href=\"http://www.platial.com\"><img src=\"http://media.geocommons.com/platial/images/logotype_small.jpg\"></a>","id":"a6e15muef61c"},"type":"Feature","geometry":{"type":"Point","coordinates":[-92.546149,47.530551]}},{"properties":{"name":"Northeastern Pennsylvania Alliance","description":"Posted by System1151 Oak St. Pittston, PA 18640-3795Executive Director: Cameron Moore Microloan Contact: Tom Pellegrini E-mail: tompel@nepa-alliance.org Phone: 570-655-5581 Fax: 570-654-5137 Service Area: Carbon, Lackawanna, Luzerne, Monroe, Pike, Schuylkill, and Wayne counties<a title=\"Built for Community Mapping\" href=\"http://www.platial.com\"><img src=\"http://media.geocommons.com/platial/images/logotype_small.jpg\"></a>","id":"a6e15n3n7m7f"},"type":"Feature","geometry":{"type":"Point","coordinates":[-75.790038,41.31528]}},{"properties":{"name":"Northwest Minnesota Foundation","description":"Posted by System4225 Technology Drive, NW  Bemidji, MN 56601Executive Director: John Osterm Microloan Contact: Tim Wang E-mail: Timw@nwmf.org  Phone: 218-759-2057 Fax: 218-759-2328 Service Area: Beltrami, Clearwater, Hubbard, Kittsson, Lake of the Woods, Mahnomen, Marshall, Norman, Pennington, Polk, Red Lake, and Rousseau counties<a title=\"Built for Community Mapping\" href=\"http://www.platial.com\"><img src=\"http://media.geocommons.com/platial/images/logotype_small.jpg\"></a>","id":"a6e15mztsq1s"},"type":"Feature","geometry":{"type":"Point","coordinates":[-94.910159,47.50744]}},{"properties":{"name":"Northwest Pennsylvania Regional Planning &amp; Dev. Commission","description":"Posted by System395 Seneca Street  Oil City, PA 16301Executive Director: William Steiner Microloan Contact: Dale F. Massie E-mail:dalem@nwplan.org  Phone: 814-677-4800 Fax: 814-677-7663 Service Area:  Clarion, Crawford, Erie, Forest, Lawrence, Mercer, Warren and Venango counties<a title=\"Built for Community Mapping\" href=\"http://www.platial.com\"><img src=\"http://media.geocommons.com/platial/images/logotype_small.jpg\"></a>","id":"a6e15n5ls3q2"},"type":"Feature","geometry":{"type":"Point","coordinates":[-79.707485,41.441038]}},{"properties":{"name":"Oakland Business Development","description":"Posted by System519 17th Street Suite 100 Oakland, CA 94612Executive Director: Michael McPherson Microloan Contact: Nicole Levine E-mail: nicole@obdc.com Phone: 510-763-4297 ext. 103 Fax: 510-763-1273 Service Area: Alameda and Contra Costa counties<a title=\"Built for Community Mapping\" href=\"http://www.platial.com\"><img src=\"http://media.geocommons.com/platial/images/logotype_small.jpg\"></a>","id":"a6e15mtsjap4"},"type":"Feature","geometry":{"type":"Point","coordinates":[-122.271492,37.807477]}},{"properties":{"name":"Oregon Association of Minority Entrepreneurs Credit","description":"Posted by System4134 N. Vancouver Avenue Portland, OR 97217Executive Director: Samuel Brooks Microloan Contact: Sanford Maddox – (503)528-7105 or (503) 528-7102 E-mail:sanford@oame.org / jorge@oame.org Phone: 503-249-7744 Fax: 503-249-2027 Service Area: Multnomah, Washington, Clackamas, Columbia, Tillamook, Clatsop, and Hood Counties<a title=\"Built for Community Mapping\" href=\"http://www.platial.com\"><img src=\"http://media.geocommons.com/platial/images/logotype_small.jpg\"></a>","id":"a6e15n5zv0n1"},"type":"Feature","geometry":{"type":"Point","coordinates":[-122.667824,45.553463]}},{"properties":{"name":"PCR Small Business Development","description":"Posted by System3255 Wilshire Blvd. Los Angeles, CA 90010President: R. D. Lottie, Jr., Microloan Contact: Mark Robertson, Jr. Phone: (213) 739-2999, ext. 222 Fax: (213)739-0639 E-mail: mark.robertson@pcrcorp.org Service Area: South Los Angeles County<a title=\"Built for Community Mapping\" href=\"http://www.platial.com\"><img src=\"http://media.geocommons.com/platial/images/logotype_small.jpg\"></a>","id":"a6e15n8d6cqo"},"type":"Feature","geometry":{"type":"Point","coordinates":[-118.293669,34.062011]}},{"properties":{"name":"PPEP Housing Development Co","description":"Posted by System802 East 46th Street Tucson, AZ 85713Executive Director: Frank Ballesteros Microloan Contact: Frank Ballesteros E-mail: fballesteros@ppepruralinst.org  Phone: 520-806-4690 Fax: 520-806-9515 Service Area: Cochise, Santa Cruz, Pinal, Yuma, rural Pima, and rural Maricopa counties including the Fort Mcdowell, Gila River, Maricopa, Papago, Salt River, and San Xavier Indian Reservations<a title=\"Built for Community Mapping\" href=\"http://www.platial.com\"><img src=\"http://media.geocommons.com/platial/images/logotype_small.jpg\"></a>","id":"a6e15n90kjfh"},"type":"Feature","geometry":{"type":"Point","coordinates":[-110.958279,32.18134]}},{"properties":{"name":"Pacific&lt; Gateway&lt; Center","description":"Posted by System720 North King Street  Honolulu, HI 96817Executive Director: Tin Myaing Thein Microloan Contact:  E-mail:pgcmyaing@hotmail.com  Phone: 808-845-3918 Fax: 808-842-1962 Service Area: Statewide<a title=\"Built for Community Mapping\" href=\"http://www.platial.com\"><img src=\"http://media.geocommons.com/platial/images/logotype_small.jpg\"></a>","id":"a6e15mxjxbxt"},"type":"Feature","geometry":{"type":"Point","coordinates":[-157.86888,21.324]}},{"properties":{"name":"Panhandle Area Council","description":"Posted by System11100 Airport Drive  Hayden, ID 83835-9743Executive Director: James Deffenbaugh Microloan Contact: Kay Kitchel E-mail:Pacbus@nidlink.com ksmith@pacni.org Phone: 208-772-0584 Fax: 208-772-6196 Service Area: Northern Panhandle indluding Benewah, Bonner, Boundary, Kotenai, and Shoshone counties<a title=\"Built for Community Mapping\" href=\"http://www.platial.com\"><img src=\"http://media.geocommons.com/platial/images/logotype_small.jpg\"></a>","id":"a6e15n5o18wt"},"type":"Feature","geometry":{"type":"Point","coordinates":[-116.812489,47.770851]}},{"properties":{"name":"Partners for Self-Employment","description":"Posted by System3000 Biscayne Boulevard Suite 102 Miami, FL 33137Executive Director: Diane Silverman Microloan Contact: Diane Silverman E-mail: workcap@bellsouth.net  Phone: 877-722-4505 Fax: 305-438-1411 Service Area: Miami-Dade, Broward, Palm Beach and Pinellas counties<a title=\"Built for Community Mapping\" href=\"http://www.platial.com\"><img src=\"http://media.geocommons.com/platial/images/logotype_small.jpg\"></a>","id":"a6e15n90b7w9"},"type":"Feature","geometry":{"type":"Point","coordinates":[-80.189269,25.805175]}},{"properties":{"name":"People Incorporated of Southwest Virginia","description":"Posted by System1173 West Main Street  Abingdon, VA 24210Executive Director: Robert G. Goldsmith Microloan Contact: Phillip Black / Gayle Dutton  E-mail: pblack@peopleinc.net / gdutton@peopleinc.net  Phone: 276-619-2291 Fax: 276-628-2931 Service Area: Counties of Bland, Buchanan, Carroll, Dickenson, Floyd, Grayson, Lee, Russell, Scott, Smyth, Tazewell, Washington, and Wise. Cities of Bristol, Galax, and Norton<a title=\"Built for Community Mapping\" href=\"http://www.platial.com\"><img src=\"http://media.geocommons.com/platial/images/logotype_small.jpg\"></a>","id":"a6e15n7q1aod"},"type":"Feature","geometry":{"type":"Point","coordinates":[-82.013817,36.697234]}},{"properties":{"name":"Philadelphia Commercial Dev","description":"Posted by System1315 Walnut Street Suite 600 Philadelphia, PA 19107Executive Director: Curtis Jones, Jr. Microloan Contact: Rick Dean/Linda House E-mail:econpcdc@aol.com  Phone: 215-790-2210 Fax: 215-790-2222 Service Area: Philadelphia<a title=\"Built for Community Mapping\" href=\"http://www.platial.com\"><img src=\"http://media.geocommons.com/platial/images/logotype_small.jpg\"></a>","id":"a6e15n6m2lz0"},"type":"Feature","geometry":{"type":"Point","coordinates":[-75.16283,39.949168]}},{"properties":{"name":"Piedmont Housing Alliance","description":"Posted by System2000 Holiday Drive, Suite 200 Charlottesville, VA 22901Executive Director: Stuart C. Armstrong Microloan Contact: Peter Dummett E-mail: pha@avenue.org Phone: 434-817-2436 Fax: 434-817-0664 Service Area: Counties of Albemarle, Fluvanna, Greene, Louisa, Nelson, Orange and Madison, and the City of Charlottesville<a title=\"Built for Community Mapping\" href=\"http://www.platial.com\"><img src=\"http://media.geocommons.com/platial/images/logotype_small.jpg\"></a>","id":"a6e15n1ls8p2"},"type":"Feature","geometry":{"type":"Point","coordinates":[-78.491934,38.057738]}},{"properties":{"name":"Prestamos CDFI, LLC","description":"Posted by System1112 E. Buckeye Rd.  Phoenix, AZ 85034-4043Executive Director: Pete Garcia Microloan Contact: Joe Martinez E-mail:jmartinez@tiempoinc Phone: 602-258-9911 Fax: 602-252-0484 Service Area: Urban Maricopa and Pima counties, Graham and Gila counties (including Point of Pines Reservation and the Southwestern area of Fort Apache Reservation), Coconino and Mohave counties (including the Kaibab, Havasupai, and Hualapai Reservations and western portions of the Navajo and Hopi Reservations), Yavapai and La Paz counties<a title=\"Built for Community Mapping\" href=\"http://www.platial.com\"><img src=\"http://media.geocommons.com/platial/images/logotype_small.jpg\"></a>","id":"a6e15n1v4fyb"},"type":"Feature","geometry":{"type":"Point","coordinates":[-112.057974,33.43696]}},{"properties":{"name":"Richmond Economic Development","description":"Posted by System501 E. Franklin St. Suite 358 Richmond, VA 23219Executive Director: Stephen Schley Microloan Contact: Brenda Lewis 804-521-4220 E-mail:sjschley@aol.com  Phone: 804-780-3013 Fax: 804-788-4310 Service Area: City of Richmond<a title=\"Built for Community Mapping\" href=\"http://www.platial.com\"><img src=\"http://media.geocommons.com/platial/images/logotype_small.jpg\"></a>","id":"a6e15n4o8mzm"},"type":"Feature","geometry":{"type":"Point","coordinates":[-77.439005,37.541146]}},{"properties":{"name":"Rural Development and Finance","description":"Posted by System711 Navarro Street Suite 350 San Antonio, TX 78207Executive Director: Gloria Guerrero Microloan Contact: Lucy Brooks E-mail:RDFC@DCCI.COM  Phone: 210-212-4552 Fax: 210-212-9159 Service Area: Cameron, El Paso, Starr, Hidalgo, Willacy, Maverick, Dimmit, Webb, Zapata, and Zavala counties<a title=\"Built for Community Mapping\" href=\"http://www.platial.com\"><img src=\"http://media.geocommons.com/platial/images/logotype_small.jpg\"></a>","id":"a6e15n6620k6"},"type":"Feature","geometry":{"type":"Point","coordinates":[-98.489794,29.427444]}},{"properties":{"name":"Rural Missouri, Incorporated","description":"Posted by System1014 Northeast Drive  Jefferson City, MO 65109Executive Director: Ken Lueckenotte Microloan Contact: Zola Finch E-mail:zola@rmiinc.org kluke45@mailexcel.com Phone: 573-635-0136 Fax: 573-635-5636 Service Area: Statewide excluding Platte, Jackson, Clay and Cass counties<a title=\"Built for Community Mapping\" href=\"http://www.platial.com\"><img src=\"http://media.geocommons.com/platial/images/logotype_small.jpg\"></a>","id":"a6e15mxz7z7g"},"type":"Feature","geometry":{"type":"Point","coordinates":[-92.197958,38.573414]}},{"properties":{"name":"Rural Opportunities Enterprise Center","description":"Posted by System400 East Avenue  Rochester, NY 14607Executive Director: Lee Beaulac Microloan Contact: John Bell E-mail:jdallis@ruralinc.org  Phone: 585-340-3387 Fax: 585-340-3326 Service Area: Onandaga, Ulster, Monroe, Schuyler, Chemung, Allegheny, Cattaraugus, Cayuga, Chatauqua, Dutchess, Erie, Genessee, Greene, Livingston, Niagara, Ontario, Orange, Orleans, Putnam, Seneca, Steuben, Sullivan, Wayne, Wyoming, and Yates counties<a title=\"Built for Community Mapping\" href=\"http://www.platial.com\"><img src=\"http://media.geocommons.com/platial/images/logotype_small.jpg\"></a>","id":"a6e15n681oen"},"type":"Feature","geometry":{"type":"Point","coordinates":[-77.594109,43.154901]}},{"properties":{"name":"Sage Community Resources","description":"Posted by System10624 W. Executive Drive  Boise, ID 83713Executive Director: Phillip Choate Microloan Contact: Bob Richards E-mail:pmchoate@ida-ore.com  Phone: 208-322-7033 Fax: 208-322-3569 Service Area: Harney and Malheur counties<a title=\"Built for Community Mapping\" href=\"http://www.platial.com\"><img src=\"http://media.geocommons.com/platial/images/logotype_small.jpg\"></a>","id":"a6e15myjvtit"},"type":"Feature","geometry":{"type":"Point","coordinates":[-116.314604,43.610158]}},{"properties":{"name":"Sage Community Resources","description":"Posted by System1001 S. Orchard Street, Suite 100  Boise, ID 83705Executive Director: Kathleen A. Simko Microloan Contact: Don Outram E-mail: doutram@sageidaho.com  Phone: 208-322-7033 Fax: 208-322-3569 Service Area: Payette, Washington, Adams, Valley, Gem, Boise, Elmore, Ada, Canyon and Owhyee counties<a title=\"Built for Community Mapping\" href=\"http://www.platial.com\"><img src=\"http://media.geocommons.com/platial/images/logotype_small.jpg\"></a>","id":"a6e15msib11d"},"type":"Feature","geometry":{"type":"Point","coordinates":[-116.243098,43.595131]}},{"properties":{"name":"Saginaw Economic Development","description":"Posted by System301 E. Genesee, 3rd Floor  Saginaw, MI 48607Executive Director: Leslie Weaver Microloan Contact: Leslie Weaver E-mail: SEDCLW@aol.com Phone: 989-759-1395 Fax: 989-754-1715 Service Area: Saginaw county<a title=\"Built for Community Mapping\" href=\"http://www.platial.com\"><img src=\"http://media.geocommons.com/platial/images/logotype_small.jpg\"></a>","id":"a6e15n6x8q4y"},"type":"Feature","geometry":{"type":"Point","coordinates":[-83.937573,43.432925]}},{"properties":{"name":"Self-Employment Loan Fund, Inc.","description":"Posted by System1601 North 7th St., Suite 340 Phoenix, AZ 85006Executive Director: Caroline Newsom Microloan Contact: Caroline Newsom E-mail: self@uswest.net  Phone: 602-340-8834 Fax: 602-340-8953 Service Area: Maricopa County<a title=\"Built for Community Mapping\" href=\"http://www.platial.com\"><img src=\"http://media.geocommons.com/platial/images/logotype_small.jpg\"></a>","id":"a6e15mzbb4i9"},"type":"Feature","geometry":{"type":"Point","coordinates":[-112.065089,33.466043]}},{"properties":{"name":"Sierra Economic Dev District","description":"Posted by System560 Wall Street Suite F Aurburn, CA 95603Executive Director: Betty Riley Microloan Contact: Tom Dille E-mail: betty@sedd.org dille@sedd.org Phone: 530-823-4703 Fax: 530-823-4142 Service Area: Modoc, El Dorado, Lassen, Nevada, Plumas, Sierra, and Placer counties<a title=\"Built for Community Mapping\" href=\"http://www.platial.com\"><img src=\"http://media.geocommons.com/platial/images/logotype_small.jpg\"></a>","id":"a6e15n11yuol"},"type":"Feature","geometry":{"type":"Point","coordinates":[-121.07534,38.909601]}},{"properties":{"name":"Southeast Asian Community Center","description":"Posted by System875 O\\'Farrell Street  San Francisco, CA 94109Executive Director: Phillip Tuong Duy Nguyen Microloan Contact: Victor Hsi E-mail: seaccphilip@juno.com  Phone: 415-885-2743 Fax: 415-885-3253 Service Area: Alameda, Contra Costa, Marin, Merced, Sacramento, San Francisco, San Joaquin, San Mateo, Santa Clara, and Stanislaus counties<a title=\"Built for Community Mapping\" href=\"http://www.platial.com\"><img src=\"http://media.geocommons.com/platial/images/logotype_small.jpg\"></a>","id":"a6e15mvomi9t"},"type":"Feature","geometry":{"type":"Point","coordinates":[-122.419119,37.785096]}},{"properties":{"name":"Southeast Community Capital","description":"Posted by System1020 Commerce Park Drive Oak Ridge, TN 37830Executive Director:DonWelty Microloan Contact:David Bradshaw E-mail: hortonw@tech2020.org Phone:865-220-2020 Fax:865-220-2030 Service Area: Barrow, Bartow, Carroll, Cherokee, Dade, Elbert, Fannin, Floyd, Franklin, Gordon, Gwinnett, Hall, Hart, Heard, Paulding, Pickens, Polk, Stephens, Union, Walker, and Whitfield<a title=\"Built for Community Mapping\" href=\"http://www.platial.com\"><img src=\"http://media.geocommons.com/platial/images/logotype_small.jpg\"></a>","id":"a6e15n6cvs6u"},"type":"Feature","geometry":{"type":"Point","coordinates":[-84.22184,35.988422]}},{"properties":{"name":"Southeast Community Capital","description":"Posted by System1020 Commerce Park Drive  Oak Ridge, TN 37830Executive Director: Don Welty Microloan Contact: David Bradshaw E-mail: hortonw@tech2020.org  Phone: 865-220-2020 Fax: 865-220-2030 Service Area: Bibb, Blount, Calhoun, Chambers, Chilton, Colbert, Coosa, Cullman, De Kalb, Elmore, Etowah, Fayette, Franklin, Hale, Jackson, Lauderdale, Lawrence, Limestone, Macon, Madison, Marion, Marshall, Morgan, Pickens, Randolph, St. Clair, Shelby, Talladega, Tallapoosa, Tuscaloosa, Walker, and Winston<a title=\"Built for Community Mapping\" href=\"http://www.platial.com\"><img src=\"http://media.geocommons.com/platial/images/logotype_small.jpg\"></a>","id":"a6e15n7yqgmj"},"type":"Feature","geometry":{"type":"Point","coordinates":[-84.22184,35.988422]}},{"properties":{"name":"Southern Alleghenies Planning &amp; Dev Commission","description":"Posted by System541 58th Street  Altoona, PA 16602Executive Director: Edward M. Silvetti Microloan Contact: Michael Mignogna E-mail:sapdc@sapdc.org  Phone: (814) 949-6545 Fax: (814) 949-6505  Service Area: Bedford, Blair, Cambria, Fulton, Huntingdon, and Somerset counties<a title=\"Built for Community Mapping\" href=\"http://www.platial.com\"><img src=\"http://media.geocommons.com/platial/images/logotype_small.jpg\"></a>","id":"a6e15mzkhypy"},"type":"Feature","geometry":{"type":"Point","coordinates":[-78.423712,40.471323]}},{"properties":{"name":"Southern Dallas Development Corp","description":"Posted by System351 West Blvd., Suite 800 Dallas, TX 75208Executive Director: Jim Reid Microloan Contact: Victor Elmore E-mail:Velmore@SBDC.org  Phone: 214-428-7332 Fax: 214-948-8104 Service Area: Portions of the City of Dallas<a title=\"Built for Community Mapping\" href=\"http://www.platial.com\"><img src=\"http://media.geocommons.com/platial/images/logotype_small.jpg\"></a>","id":"a6e15mzk8yxu"},"type":"Feature","geometry":{"type":"Point","coordinates":[-96.758878,32.784228]}},{"properties":{"name":"Southern Financial Partners","description":"Posted by System605 Main Street  Pine Bluff, AR 71923Executive Director: Penny Penrose Microloan Contact: William Matthews or Sandy Linn E-mail:slinn@ehbt.com  Phone: 870-246-9739 Fax: 870-246-2182 Service Area: Southern and extreme northeast areas of the State including Arkansas, Ashley, Bradley, Calhoun, Chicot, Clark, Clay, Cleveland, Columbia, Craighead, Dallas, Desha, Drew, Garland, Grant, Greene, Hempstead, Hot Spring, Howard, Jefferson Lafayette, Lawrence, Lincoln, Little River, Lonoke, Miller, Mississippi, Montgomery, Nevada, Ouachita, Phillips, Pike, Poinsett, Polk, Prairie, Pulaski, Randolph, Saline, Sevier, and Union Counties<a title=\"Built for Community Mapping\" href=\"http://www.platial.com\"><img src=\"http://media.geocommons.com/platial/images/logotype_small.jpg\"></a>","id":"a6e15myjy60v"},"type":"Feature","geometry":{"type":"Point","coordinates":[-93.053654,34.119517]}},{"properties":{"name":"The Business Loan Fund of the Palm Beaches","description":"Posted by System1016 North Dixie Highway, 2nd Floor West Palm Beach, FL 33401Executive Director: John B. Brown Microloan Contact: John B. Brown E-mail: blfpb@evcom.net Phone: 561-838-9027 Fax: 561-838-9029 Service Area: Palm Beach County, Hendry, Indian River, Martin, Palm Beach County Development Regions and St. Lucie<a title=\"Built for Community Mapping\" href=\"http://www.platial.com\"><img src=\"http://media.geocommons.com/platial/images/logotype_small.jpg\"></a>","id":"a6e15n50coyt"},"type":"Feature","geometry":{"type":"Point","coordinates":[-80.053263,26.721889]}},{"properties":{"name":"The Development Credit Fund","description":"Posted by System2526 N. Charles Stree Suite 200 Baltimore, MD 21218Executive Director: Acknell M. Muldrow, II Microloan Contact: Erik Johnson E-mail: ejohnson@developmentcredit.net  Phone: 410-235-8100 Fax: 410-235-5899 Service Area: Statewide Maryland excluding Montgomery and Prince Georges counties<a title=\"Built for Community Mapping\" href=\"http://www.platial.com\"><img src=\"http://media.geocommons.com/platial/images/logotype_small.jpg\"></a>","id":"a6e15mu5cu2i"},"type":"Feature","geometry":{"type":"Point","coordinates":[-76.617082,39.319079]}},{"properties":{"name":"Tulsa Economic Development Corp","description":"Posted by System907 South Detroit Avenue Suite 1001 Tulsa, OK 74120Executive Director: Rose Washington-Rentie Microloan Contact: Tara Martin E-mail: tmartin@tulsaecondevcorp.com / rose@tulsaedc.com Phone: 918-585-8332 Fax: 918-585-2473 Service Area: Adair, Canadian, Cherokee, Cleveland, Craig, Creek, Delaware, Haskell, Hughes, Kay, Latimer, Leflore, Lincoln, Logan, McIntosh, Muskogee, Noble, Nowata, Okfuskee, Oklahoma, Okmulgee, Osage, Ottawa, Pawnee, Payne, Pittsburg, Pottawatomie, Rogers, Seminole, Sequoyah, Wagoner, and Washington counties including the city of Tulsa<a title=\"Built for Community Mapping\" href=\"http://www.platial.com\"><img src=\"http://media.geocommons.com/platial/images/logotype_small.jpg\"></a>","id":"a6e15n2y92zu"},"type":"Feature","geometry":{"type":"Point","coordinates":[-95.98435,36.148532]}},{"properties":{"name":"Umpqua Community Development","description":"Posted by System738 SE Kane Street Roseburg, OR 97470Executive Director: Betty Tamm Microloan Contact: Bob Ault E-mail: btamm@mcsi.net/rault@umpquacdc.org Phone: 541-673-4909 Fax: 541-673-5023 Service Area: Coos, Curry and Douglas Counties<a title=\"Built for Community Mapping\" href=\"http://www.platial.com\"><img src=\"http://media.geocommons.com/platial/images/logotype_small.jpg\"></a>","id":"a6e15mus54p8"},"type":"Feature","geometry":{"type":"Point","coordinates":[-123.343627,43.20674]}},{"properties":{"name":"Valley Economic Development Corp","description":"Posted by System5121 Van Nuys Blvd. 3rd Floor Van Nuys, CA 91403Executive Director: Roberto Barragan Microloan Contact: Gladys Preciado E-mail: roberto@vedc.org  Phone: 818-907-9977 Fax: 818-907-9720 Service Area: Los Angeles and Orange County<a title=\"Built for Community Mapping\" href=\"http://www.platial.com\"><img src=\"http://media.geocommons.com/platial/images/logotype_small.jpg\"></a>","id":"a6e15n7v6zeb"},"type":"Feature","geometry":{"type":"Point","coordinates":[-118.449009,34.163607]}},{"properties":{"name":"Valley Small Business Dev","description":"Posted by System3417 W. Shaw Suite 100 Fresno, CA 93711Executive Director: Michael E. Foley Microloan Contact: Lee Takikawa E-mail: valleysb@psnw.com  Phone: 559-438-9680 Fax: 559-438-9690 Service Area: Fresno, Kings, Kern, Stanislaus, Madera, Mariposa, Merced, Tuolumne, and Tulare counties<a title=\"Built for Community Mapping\" href=\"http://www.platial.com\"><img src=\"http://media.geocommons.com/platial/images/logotype_small.jpg\"></a>","id":"a6e15mv4zzpy"},"type":"Feature","geometry":{"type":"Point","coordinates":[-119.852562,36.808187]}},{"properties":{"name":"Virginia Community Dev Loan Fund","description":"Posted by System1624 Hull Street  Richmond, VA 23224Executive Director: Tim Hayes Microloan Contact: Janice Fraites/Kevin Robinson E-mail:JFraitesvcdlf@earthlink.net / karobinsonvcdlf@earthlink.net / thayes@vcdlf.org Phone: 804-233-2014 Fax: 804-233-2158 Service Area: The counties of Henrico, Chesterfield, Goochland, Hanover, Powatan, and the cities of Petersburg and Hopewell<a title=\"Built for Community Mapping\" href=\"http://www.platial.com\"><img src=\"http://media.geocommons.com/platial/images/logotype_small.jpg\"></a>","id":"a6e15n8a5pvb"},"type":"Feature","geometry":{"type":"Point","coordinates":[-77.447601,37.518524]}},{"properties":{"name":"Washington CASH","description":"Posted by System1912 East Madison St.  Seattle, WA 98122Executive Director: Kathy Gilman Microloan Contact: Kathy Gilman E-mail:washcash@nwlink.com  Phone: 206-352-1945 Fax: 206-352-1899 Service Area: Clark, Cowlitz, Island, King, Kitsap, Lewis, San Juan, Skagit, Snohomish, Thurston, and Whatcom counties<a title=\"Built for Community Mapping\" href=\"http://www.platial.com\"><img src=\"http://media.geocommons.com/platial/images/logotype_small.jpg\"></a>","id":"a6e15mwxry2p"},"type":"Feature","geometry":{"type":"Point","coordinates":[-122.307177,47.616869]}},{"properties":{"name":"Women's Economic Self Sufficiency Team","description":"Posted by System414 Silver SW  Albuquerque, NM 87102-3239Executive Director: Agnes Noonan Microloan Contact: Debbie Baca E-mail:agnes@swcp.com dbaca@swcp.com Phone: 505-241-4760 Fax: 505-241-4766 Service Area: Statewide<a title=\"Built for Community Mapping\" href=\"http://www.platial.com\"><img src=\"http://media.geocommons.com/platial/images/logotype_small.jpg\"></a>","id":"a6e15n29nt1b"},"type":"Feature","geometry":{"type":"Point","coordinates":[-106.652159,35.082595]}},{"properties":{"name":"Women's Organization for Mentoring, Entrepreneurship, &amp; Networking","description":"Posted by System526 South Main Street Suite 235 Arkon, OH 44311-1058Executive Director: Janice Robinson Microloan Contact:  E-mail:women@ald.net  Phone: 330-379-9280 Fax: 330-379-3454 Service Area: Cuyahoga, Lake, Lorain, Mahoning, Medina, Stark, Summit, and Wayne counties<a title=\"Built for Community Mapping\" href=\"http://www.platial.com\"><img src=\"http://media.geocommons.com/platial/images/logotype_small.jpg\"></a>","id":"a6e15myvq7wx"},"type":"Feature","geometry":{"type":"Point","coordinates":[-81.52526,41.07202]}},{"properties":{"name":"Working for Empowerment through Community Organizing","description":"Posted by System2700 E. 79th Street, 4th Street Cleveland, OH 44104Executive Director: Judith W. Miles Microloan Contact: Laurie Murphy E-mail:judi@wecofund.com / laurie@wecofund.com Phone: 216-881-9650 Fax: 216-881-9704 Service Area: Cuyahoga county <a title=\"Built for Community Mapping\" href=\"http://www.platial.com\"><img src=\"http://media.geocommons.com/platial/images/logotype_small.jpg\"></a>","id":"a6e15mt2nliw"},"type":"Feature","geometry":{"type":"Point","coordinates":[-81.633342,41.486574]}}],"is_temporal":false,"author":{"url":"http://www.platial.com/map/1574","metadata":null,"contact_name":"system","contact_address":null,"source":"platial:system","contact_phone":null},"source":"http://www.platial.com/map/1574","pagination":{"sort":null,"start":0,"total":85,"limit":1000000},"state":"complete","tags":"platial,platial:id=1574,platial:user=system","published":"2010-03-03T17:00:00Z","id":27819}