{"type":"FeatureCollection","data_type":"Dataset","url_type":null,"permissions":[{"permissions":{"download":true,"view":true},"group_id":"everyone"}],"classification":null,"title":"\nSourced Map: data centers\n","count":74,"stream_id":29167,"contributor":{"url":"http://geocommons.com/users/11444","name":"platial"},"data_attributes":null,"calculation_params":null,"icon_link":null,"link":"http://geocommons.com/overlays/29167.json","extent":[-124.162,36.0423,-115.02,40.9078],"geometry_types":["point"],"unique_name":null,"name":"\nSourced Map: data centers\n","feature_count":74,"description":"\nA Map by Yahoolocal\n\n\n","next_feature":null,"is_raster":false,"short_classification":"Y","stats":{},"features":[{"properties":{"name":"AV","description":"Posted by Yahoolocal1022 6th Ave, Belmont, CA AV (650) 592-2624<a title=\"Built for Community Mapping\" href=\"http://www.platial.com\"><img src=\"http://media.geocommons.com/platial/images/logotype_small.jpg\"></a>","id":"a65kia1npixp"},"type":"Feature","geometry":{"type":"Point","coordinates":[-122.277034,37.518948]}},{"properties":{"name":"Av","description":"Posted by Yahoolocal1022 6th Ave, Belmont, CA Av (650) 344-4869<a title=\"Built for Community Mapping\" href=\"http://www.platial.com\"><img src=\"http://media.geocommons.com/platial/images/logotype_small.jpg\"></a>","id":"a65kia65fhmc"},"type":"Feature","geometry":{"type":"Point","coordinates":[-122.277034,37.518948]}},{"properties":{"name":"C Data Supply Center","description":"Posted by Yahoolocal53 Bay Rd, Fairfax, CA C Data Supply Center (415) 485-1950<a title=\"Built for Community Mapping\" href=\"http://www.platial.com\"><img src=\"http://media.geocommons.com/platial/images/logotype_small.jpg\"></a>","id":"a65ki9ujz8cj"},"type":"Feature","geometry":{"type":"Point","coordinates":[-122.599354,37.991348]}},{"properties":{"name":"Internet Center","description":"Posted by Yahoolocal6900 Chestnut St, Gilroy, CA Internet Center (408) 846-8635<a title=\"Built for Community Mapping\" href=\"http://www.platial.com\"><img src=\"http://media.geocommons.com/platial/images/logotype_small.jpg\"></a>","id":"a65ki9yglx1a"},"type":"Feature","geometry":{"type":"Point","coordinates":[-121.560144,36.999902]}},{"properties":{"name":"Suites Elko","description":"Posted by Yahoolocal3019 Idaho St, Elko, NV Suites Elko (775) 777-0990<a title=\"Built for Community Mapping\" href=\"http://www.platial.com\"><img src=\"http://media.geocommons.com/platial/images/logotype_small.jpg\"></a>","id":"a65kia7jd3hv"},"type":"Feature","geometry":{"type":"Point","coordinates":[-115.742706,40.853926]}},{"properties":{"name":"T","description":"Posted by Yahoolocal429 W Main St, Merced, CA T (209) 384-6860<a title=\"Built for Community Mapping\" href=\"http://www.platial.com\"><img src=\"http://media.geocommons.com/platial/images/logotype_small.jpg\"></a>","id":"a65ki9xsu1tu"},"type":"Feature","geometry":{"type":"Point","coordinates":[-120.48274,37.301202]}},{"properties":{"name":"Accurate Always Incorporated","description":"Posted by Yahoolocal119 Harvard Ave, Half Moon Bay, CAAccurate Always Incorporated (650) 728-9428<a title=\"Built for Community Mapping\" href=\"http://www.platial.com\"><img src=\"http://media.geocommons.com/platial/images/logotype_small.jpg\"></a>","id":"a65kia0ru9ir"},"type":"Feature","geometry":{"type":"Point","coordinates":[-122.492654,37.503647]}},{"properties":{"name":"Airaya","description":"Posted by Yahoolocal18449 Technology Dr, Morgan Hill, CAAiraya (408) 776-2846<a title=\"Built for Community Mapping\" href=\"http://www.platial.com\"><img src=\"http://media.geocommons.com/platial/images/logotype_small.jpg\"></a>","id":"a65kia8zcs96"},"type":"Feature","geometry":{"type":"Point","coordinates":[-121.653727,37.148664]}},{"properties":{"name":"Alacrity Equipment Movers","description":"Posted by Yahoolocal, Las Vegas, NVAlacrity Equipment Movers (702) 944-9743<a title=\"Built for Community Mapping\" href=\"http://www.platial.com\"><img src=\"http://media.geocommons.com/platial/images/logotype_small.jpg\"></a>","id":"a65kia99b2ss"},"type":"Feature","geometry":{"type":"Point","coordinates":[-115.246776,36.233048]}},{"properties":{"name":"American Lung Association Data Center","description":"Posted by Yahoolocal980 American Pacific Dr, #104, Henderson, NVAmerican Lung Association Data Center (702) 566-4725<a title=\"Built for Community Mapping\" href=\"http://www.platial.com\"><img src=\"http://media.geocommons.com/platial/images/logotype_small.jpg\"></a>","id":"a65ki9xsa9ly"},"type":"Feature","geometry":{"type":"Point","coordinates":[-115.027236,36.042347]}},{"properties":{"name":"Amg Data Service","description":"Posted by Yahoolocal5440 Ericson Way, Arcata, CAAmg Data Service (707) 822-4888<a title=\"Built for Community Mapping\" href=\"http://www.platial.com\"><img src=\"http://media.geocommons.com/platial/images/logotype_small.jpg\"></a>","id":"a65kia1sq05d"},"type":"Feature","geometry":{"type":"Point","coordinates":[-124.069138,40.907758]}},{"properties":{"name":"Applied Quality Test Technology Asset Recovery","description":"Posted by Yahoolocal1906 Crestmont Dr, San Jose, CAApplied Quality Test Technology Asset Recovery (408) 531-5300<a title=\"Built for Community Mapping\" href=\"http://www.platial.com\"><img src=\"http://media.geocommons.com/platial/images/logotype_small.jpg\"></a>","id":"a65ki9wcq3xd"},"type":"Feature","geometry":{"type":"Point","coordinates":[-121.921117,37.280184]}},{"properties":{"name":"Arc Fresno","description":"Posted by Yahoolocal5755 E Fountain Way, Fresno, CAArc Fresno (559) 226-6268<a title=\"Built for Community Mapping\" href=\"http://www.platial.com\"><img src=\"http://media.geocommons.com/platial/images/logotype_small.jpg\"></a>","id":"a65ki9w7at8d"},"type":"Feature","geometry":{"type":"Point","coordinates":[-119.693459,36.781929]}},{"properties":{"name":"California Data Ctr Design Grp","description":"Posted by Yahoolocal11231 Gold Express Dr, Gold River, CACalifornia Data Ctr Design Grp (916) 631-8212<a title=\"Built for Community Mapping\" href=\"http://www.platial.com\"><img src=\"http://media.geocommons.com/platial/images/logotype_small.jpg\"></a>","id":"a65kia235yrh"},"type":"Feature","geometry":{"type":"Point","coordinates":[-121.264738,38.623017]}},{"properties":{"name":"Carlson Wagonlit Travel","description":"Posted by Yahoolocal3070 M St, Merced, CACarlson Wagonlit Travel (209) 723-3156<a title=\"Built for Community Mapping\" href=\"http://www.platial.com\"><img src=\"http://media.geocommons.com/platial/images/logotype_small.jpg\"></a>","id":"a65kia5l9zoc"},"type":"Feature","geometry":{"type":"Point","coordinates":[-120.477295,37.318499]}},{"properties":{"name":"Chase Bank ATM","description":"Posted by Yahoolocal391 W Olive Ave, Merced, CAChase Bank ATM <a title=\"Built for Community Mapping\" href=\"http://www.platial.com\"><img src=\"http://media.geocommons.com/platial/images/logotype_small.jpg\"></a>","id":"a65kia2gwx03"},"type":"Feature","geometry":{"type":"Point","coordinates":[-120.475476,37.319349]}},{"properties":{"name":"Chase Bank ATM","description":"Posted by Yahoolocal479 Main St, Copperopolis, CAChase Bank ATM <a title=\"Built for Community Mapping\" href=\"http://www.platial.com\"><img src=\"http://media.geocommons.com/platial/images/logotype_small.jpg\"></a>","id":"a65kia36cex0"},"type":"Feature","geometry":{"type":"Point","coordinates":[-120.642445,37.981539]}},{"properties":{"name":"Community Medical Ctr-Channel","description":"Posted by Yahoolocal701 E Channel St, Stockton, CACommunity Medical Ctr-Channel (209) 944-4700<a title=\"Built for Community Mapping\" href=\"http://www.platial.com\"><img src=\"http://media.geocommons.com/platial/images/logotype_small.jpg\"></a>","id":"a65ki9v0v4g4"},"type":"Feature","geometry":{"type":"Point","coordinates":[-121.282079,37.956362]}},{"properties":{"name":"Comp-Connection Incorporated","description":"Posted by Yahoolocal7500 Arroyo Cir, #110, Gilroy, CAComp-Connection Incorporated (408) 848-1137<a title=\"Built for Community Mapping\" href=\"http://www.platial.com\"><img src=\"http://media.geocommons.com/platial/images/logotype_small.jpg\"></a>","id":"a65ki9xyezpy"},"type":"Feature","geometry":{"type":"Point","coordinates":[-121.557459,37.012011]}},{"properties":{"name":"DP Air Corporation","description":"Posted by Yahoolocal3350 Monier Cir, Rancho Cordova, CADP Air Corporation (916) 852-7772<a title=\"Built for Community Mapping\" href=\"http://www.platial.com\"><img src=\"http://media.geocommons.com/platial/images/logotype_small.jpg\"></a>","id":"a65kia4rulli"},"type":"Feature","geometry":{"type":"Point","coordinates":[-121.261865,38.581807]}},{"properties":{"name":"Dantel Incorporated","description":"Posted by Yahoolocal2991 N Argyle Ave, Fresno, CADantel Incorporated (559) 292-1111<a title=\"Built for Community Mapping\" href=\"http://www.platial.com\"><img src=\"http://media.geocommons.com/platial/images/logotype_small.jpg\"></a>","id":"a65kia5er009"},"type":"Feature","geometry":{"type":"Point","coordinates":[-119.694499,36.777471]}},{"properties":{"name":"Data Center","description":"Posted by Yahoolocal202 W Main St, Turlock, CAData Center (209) 669-8832<a title=\"Built for Community Mapping\" href=\"http://www.platial.com\"><img src=\"http://media.geocommons.com/platial/images/logotype_small.jpg\"></a>","id":"a65kia3gffmu"},"type":"Feature","geometry":{"type":"Point","coordinates":[-120.847874,37.493253]}},{"properties":{"name":"Data Center","description":"Posted by Yahoolocal1904 Franklin St Ste 900, Oakland, CAData Center (510) 835-4692<a title=\"Built for Community Mapping\" href=\"http://www.platial.com\"><img src=\"http://media.geocommons.com/platial/images/logotype_small.jpg\"></a>","id":"a65kia8555nz"},"type":"Feature","geometry":{"type":"Point","coordinates":[-122.267814,37.807397]}},{"properties":{"name":"Data Center","description":"Posted by Yahoolocal447 Gamay Dr, Cloverdale, CAData Center (707) 431-0883<a title=\"Built for Community Mapping\" href=\"http://www.platial.com\"><img src=\"http://media.geocommons.com/platial/images/logotype_small.jpg\"></a>","id":"a65kia62bvtm"},"type":"Feature","geometry":{"type":"Point","coordinates":[-123.023531,38.801543]}},{"properties":{"name":"Data Computer Training Center","description":"Posted by Yahoolocal330 9th St, #2, Marysville, CAData Computer Training Center (530) 749-8820<a title=\"Built for Community Mapping\" href=\"http://www.platial.com\"><img src=\"http://media.geocommons.com/platial/images/logotype_small.jpg\"></a>","id":"a65kia7p8a41"},"type":"Feature","geometry":{"type":"Point","coordinates":[-121.58897,39.144822]}},{"properties":{"name":"Data Processing Air Corporation","description":"Posted by Yahoolocal7531 Eastgate Rd, Henderson, NVData Processing Air Corporation (702) 798-4564<a title=\"Built for Community Mapping\" href=\"http://www.platial.com\"><img src=\"http://media.geocommons.com/platial/images/logotype_small.jpg\"></a>","id":"a65kia8mcv44"},"type":"Feature","geometry":{"type":"Point","coordinates":[-115.019818,36.052847]}},{"properties":{"name":"Dataside - Las Vegas","description":"Posted by Yahoolocal302 Carson Ave, Las Vegas, NVDataside - Las Vegas (702) 386-9900<a title=\"Built for Community Mapping\" href=\"http://www.platial.com\"><img src=\"http://media.geocommons.com/platial/images/logotype_small.jpg\"></a>","id":"a65kia2lm2n2"},"type":"Feature","geometry":{"type":"Point","coordinates":[-115.143289,36.168909]}},{"properties":{"name":"Drive Savers Data Recovery","description":"Posted by Yahoolocal400 Bel Marin Keys Blvd, Novato, CADrive Savers Data Recovery (415) 883-4232<a title=\"Built for Community Mapping\" href=\"http://www.platial.com\"><img src=\"http://media.geocommons.com/platial/images/logotype_small.jpg\"></a>","id":"a65kia1gtuum"},"type":"Feature","geometry":{"type":"Point","coordinates":[-122.535284,38.076904]}},{"properties":{"name":"Efficency Plus Medical Billing","description":"Posted by Yahoolocal18711 Tiffeni Dr, #17204, Twain Harte, CAEfficency Plus Medical Billing (209) 586-1400<a title=\"Built for Community Mapping\" href=\"http://www.platial.com\"><img src=\"http://media.geocommons.com/platial/images/logotype_small.jpg\"></a>","id":"a65kia1t2bva"},"type":"Feature","geometry":{"type":"Point","coordinates":[-120.221574,38.040788]}},{"properties":{"name":"Ferrales, Bill - Data Center","description":"Posted by Yahoolocal2569 W Shaw Ave, #104, Fresno, CAFerrales, Bill - Data Center (559) 225-0300<a title=\"Built for Community Mapping\" href=\"http://www.platial.com\"><img src=\"http://media.geocommons.com/platial/images/logotype_small.jpg\"></a>","id":"a65kia6n3fp5"},"type":"Feature","geometry":{"type":"Point","coordinates":[-119.838753,36.808088]}},{"properties":{"name":"Fire District","description":"Posted by Yahoolocal370 Main St, Copperopolis, CAFire District (209) 785-2393<a title=\"Built for Community Mapping\" href=\"http://www.platial.com\"><img src=\"http://media.geocommons.com/platial/images/logotype_small.jpg\"></a>","id":"a65kia5h1pyk"},"type":"Feature","geometry":{"type":"Point","coordinates":[-120.635378,37.975631]}},{"properties":{"name":"Gabbs Volunteer Fire Department","description":"Posted by Yahoolocal502 Brucite St, Gabbs, NVGabbs Volunteer Fire Department (775) 285-0050<a title=\"Built for Community Mapping\" href=\"http://www.platial.com\"><img src=\"http://media.geocommons.com/platial/images/logotype_small.jpg\"></a>","id":"a65ki9yqcw4g"},"type":"Feature","geometry":{"type":"Point","coordinates":[-117.920711,38.869374]}},{"properties":{"name":"Gossamer Computer Svc LLC","description":"Posted by Yahoolocal135 Alpine Meadows Rd, #22, Alpine Meadows, CAGossamer Computer Svc LLC (530) 583-7989<a title=\"Built for Community Mapping\" href=\"http://www.platial.com\"><img src=\"http://media.geocommons.com/platial/images/logotype_small.jpg\"></a>","id":"a65kia270zp7"},"type":"Feature","geometry":{"type":"Point","coordinates":[-120.195528,39.186579]}},{"properties":{"name":"Graham's Electronic Data Center","description":"Posted by Yahoolocal3955 Algonquin Dr, Las Vegas, NVGraham\\'s Electronic Data Center (702) 792-5592<a title=\"Built for Community Mapping\" href=\"http://www.platial.com\"><img src=\"http://media.geocommons.com/platial/images/logotype_small.jpg\"></a>","id":"a65ki9y4f1g7"},"type":"Feature","geometry":{"type":"Point","coordinates":[-115.134114,36.11677]}},{"properties":{"name":"Great Valley Center","description":"Posted by Yahoolocal201 Needham St, Modesto, CAGreat Valley Center (209) 522-5103<a title=\"Built for Community Mapping\" href=\"http://www.platial.com\"><img src=\"http://media.geocommons.com/platial/images/logotype_small.jpg\"></a>","id":"a65kia39l994"},"type":"Feature","geometry":{"type":"Point","coordinates":[-120.995327,37.645886]}},{"properties":{"name":"Hattras Incorporated","description":"Posted by Yahoolocal65 Forest Ave, San Anselmo, CAHattras Incorporated (415) 785-7444<a title=\"Built for Community Mapping\" href=\"http://www.platial.com\"><img src=\"http://media.geocommons.com/platial/images/logotype_small.jpg\"></a>","id":"a65kia1y0stm"},"type":"Feature","geometry":{"type":"Point","coordinates":[-122.580543,37.982507]}},{"properties":{"name":"Herakles Data","description":"Posted by Yahoolocal1100 N Market Blvd, Sacramento, CAHerakles Data (916) 679-2100<a title=\"Built for Community Mapping\" href=\"http://www.platial.com\"><img src=\"http://media.geocommons.com/platial/images/logotype_small.jpg\"></a>","id":"a65kia13qdnk"},"type":"Feature","geometry":{"type":"Point","coordinates":[-121.486366,38.646489]}},{"properties":{"name":"Hilton Garden Inn Gilroy","description":"Posted by Yahoolocal6070 Monterey Rd, Gilroy, CAHilton Garden Inn Gilroy (408) 840-7000<a title=\"Built for Community Mapping\" href=\"http://www.platial.com\"><img src=\"http://media.geocommons.com/platial/images/logotype_small.jpg\"></a>","id":"a65kia7nw1mu"},"type":"Feature","geometry":{"type":"Point","coordinates":[-121.559484,36.988342]}},{"properties":{"name":"Holiday Inn Express Santa Nella","description":"Posted by Yahoolocal28976 Plaza Dr, Gustine, CAHoliday Inn Express Santa Nella (209) 826-8282<a title=\"Built for Community Mapping\" href=\"http://www.platial.com\"><img src=\"http://media.geocommons.com/platial/images/logotype_small.jpg\"></a>","id":"a65kia73288i"},"type":"Feature","geometry":{"type":"Point","coordinates":[-121.01711,37.11191]}},{"properties":{"name":"Howard Johnson Express Inn","description":"Posted by Yahoolocal33 N Center St, Stockton, CAHoward Johnson Express Inn (209) 948-6151<a title=\"Built for Community Mapping\" href=\"http://www.platial.com\"><img src=\"http://media.geocommons.com/platial/images/logotype_small.jpg\"></a>","id":"a65kia5g88fn"},"type":"Feature","geometry":{"type":"Point","coordinates":[-121.291787,37.953065]}},{"properties":{"name":"Humboldt Data Processing Center","description":"Posted by Yahoolocal839 4th St, Eureka, CAHumboldt Data Processing Center (707) 445-7556<a title=\"Built for Community Mapping\" href=\"http://www.platial.com\"><img src=\"http://media.geocommons.com/platial/images/logotype_small.jpg\"></a>","id":"a65kia4t1tdi"},"type":"Feature","geometry":{"type":"Point","coordinates":[-124.162481,40.803269]}},{"properties":{"name":"Institute-Study of Knowledge","description":"Posted by Yahoolocal323 Harvard Ave, Half Moon Bay, CAInstitute-Study of Knowledge (650) 728-3322<a title=\"Built for Community Mapping\" href=\"http://www.platial.com\"><img src=\"http://media.geocommons.com/platial/images/logotype_small.jpg\"></a>","id":"a65ki9txfx2e"},"type":"Feature","geometry":{"type":"Point","coordinates":[-122.48916,37.50474]}},{"properties":{"name":"International Data Corporation","description":"Posted by Yahoolocal155 Bovet Rd, #800, San Mateo, CAInternational Data Corporation (650) 350-1257<a title=\"Built for Community Mapping\" href=\"http://www.platial.com\"><img src=\"http://media.geocommons.com/platial/images/logotype_small.jpg\"></a>","id":"a65kia7hrbun"},"type":"Feature","geometry":{"type":"Point","coordinates":[-122.316982,37.549475]}},{"properties":{"name":"Iron Mountain","description":"Posted by Yahoolocal5320 State Highway 49 N, #5, Mariposa, CAIron Mountain (209) 742-5000<a title=\"Built for Community Mapping\" href=\"http://www.platial.com\"><img src=\"http://media.geocommons.com/platial/images/logotype_small.jpg\"></a>","id":"a65ki9w92i1f"},"type":"Feature","geometry":{"type":"Point","coordinates":[-119.725104,37.426443]}},{"properties":{"name":"Jamestown Fire Department","description":"Posted by Yahoolocal18249 4th Ave, Jamestown, CAJamestown Fire Department (209) 984-5623<a title=\"Built for Community Mapping\" href=\"http://www.platial.com\"><img src=\"http://media.geocommons.com/platial/images/logotype_small.jpg\"></a>","id":"a65kia7ss4dz"},"type":"Feature","geometry":{"type":"Point","coordinates":[-120.419063,37.953432]}},{"properties":{"name":"Lake County Arts Council","description":"Posted by Yahoolocal<img src=\"http://media.geocommons.com/platial/images/categories/ICON_culture_verD.gif\"> 325 N Main St, Lakeport, CALake County Arts Council (707) 263-6658<a title=\"Built for Community Mapping\" href=\"http://www.platial.com\"><img src=\"http://media.geocommons.com/platial/images/logotype_small.jpg\"></a>","id":"a65kia0otggs"},"type":"Feature","geometry":{"type":"Point","coordinates":[-122.915166,39.043567]}},{"properties":{"name":"Light Speed Networks","description":"Posted by Yahoolocal569 Fireside Ct, Walnut Creek, CALight Speed Networks (925) 952-9110<a title=\"Built for Community Mapping\" href=\"http://www.platial.com\"><img src=\"http://media.geocommons.com/platial/images/logotype_small.jpg\"></a>","id":"a65ki9yv3l0b"},"type":"Feature","geometry":{"type":"Point","coordinates":[-122.017378,37.932312]}},{"properties":{"name":"Mahan, Mitch - Dynamic Isolation Systems","description":"Posted by Yahoolocal2080 Brierley Way, #101, Sparks, NVMahan, Mitch - Dynamic Isolation Systems (775) 359-3333<a title=\"Built for Community Mapping\" href=\"http://www.platial.com\"><img src=\"http://media.geocommons.com/platial/images/logotype_small.jpg\"></a>","id":"a65kia15f7ku"},"type":"Feature","geometry":{"type":"Point","coordinates":[-119.704002,39.528355]}},{"properties":{"name":"National Data Center Incorporated","description":"Posted by Yahoolocal25 Orinda Way, Orinda, CANational Data Center Incorporated (925) 254-1311<a title=\"Built for Community Mapping\" href=\"http://www.platial.com\"><img src=\"http://media.geocommons.com/platial/images/logotype_small.jpg\"></a>","id":"a65kia1n00v5"},"type":"Feature","geometry":{"type":"Point","coordinates":[-122.188464,37.882002]}},{"properties":{"name":"Negrete, Esther - Community Medical Center Incorporated","description":"Posted by Yahoolocal230 N California St, Stockton, CANegrete, Esther - Community Medical Center Incorporated (209) 948-5422<a title=\"Built for Community Mapping\" href=\"http://www.platial.com\"><img src=\"http://media.geocommons.com/platial/images/logotype_small.jpg\"></a>","id":"a65kia4fpagm"},"type":"Feature","geometry":{"type":"Point","coordinates":[-121.284782,37.956058]}},{"properties":{"name":"Northern Nevada Development","description":"Posted by Yahoolocal704 W Nye Ln, #201, Carson City, NVNorthern Nevada Development (775) 883-4413<a title=\"Built for Community Mapping\" href=\"http://www.platial.com\"><img src=\"http://media.geocommons.com/platial/images/logotype_small.jpg\"></a>","id":"a65ki9y09wx5"},"type":"Feature","geometry":{"type":"Point","coordinates":[-119.771777,39.186373]}},{"properties":{"name":"Ozburn-Hessey Logistics","description":"Posted by Yahoolocal450 Lillard Dr, Sparks, NVOzburn-Hessey Logistics (775) 355-2150<a title=\"Built for Community Mapping\" href=\"http://www.platial.com\"><img src=\"http://media.geocommons.com/platial/images/logotype_small.jpg\"></a>","id":"a65kia4fvndw"},"type":"Feature","geometry":{"type":"Point","coordinates":[-119.709872,39.53574]}},{"properties":{"name":"Pacific Business Centers","description":"Posted by Yahoolocal8880 Cal Center Dr, Sacramento, CAPacific Business Centers (916) 492-6030<a title=\"Built for Community Mapping\" href=\"http://www.platial.com\"><img src=\"http://media.geocommons.com/platial/images/logotype_small.jpg\"></a>","id":"a65kiaa0e0se"},"type":"Feature","geometry":{"type":"Point","coordinates":[-121.3764,38.557713]}},{"properties":{"name":"Partition Specialties Incorporated","description":"Posted by Yahoolocal714 C St, #3, San Rafael, CAPartition Specialties Incorporated (415) 721-1040<a title=\"Built for Community Mapping\" href=\"http://www.platial.com\"><img src=\"http://media.geocommons.com/platial/images/logotype_small.jpg\"></a>","id":"a65kia91ny12"},"type":"Feature","geometry":{"type":"Point","coordinates":[-122.522841,37.971498]}},{"properties":{"name":"Plug and Play LLC","description":"Posted by Yahoolocal440 N Wolfe Rd, Sunnyvale, CAPlug and Play LLC (408) 524-1400<a title=\"Built for Community Mapping\" href=\"http://www.platial.com\"><img src=\"http://media.geocommons.com/platial/images/logotype_small.jpg\"></a>","id":"a65ki9xq28qs"},"type":"Feature","geometry":{"type":"Point","coordinates":[-122.012475,37.384239]}},{"properties":{"name":"Pre-Sort Center","description":"Posted by Yahoolocal3806 Coronado Ave, Stockton, CAPre-Sort Center (209) 941-2467<a title=\"Built for Community Mapping\" href=\"http://www.platial.com\"><img src=\"http://media.geocommons.com/platial/images/logotype_small.jpg\"></a>","id":"a65kia6ujnpl"},"type":"Feature","geometry":{"type":"Point","coordinates":[-121.287661,37.987843]}},{"properties":{"name":"Premier Chemical LLC","description":"Posted by Yahoolocal500 Brucite St, Gabbs, NVPremier Chemical LLC (775) 285-2313<a title=\"Built for Community Mapping\" href=\"http://www.platial.com\"><img src=\"http://media.geocommons.com/platial/images/logotype_small.jpg\"></a>","id":"a65kia40asns"},"type":"Feature","geometry":{"type":"Point","coordinates":[-117.920766,38.869366]}},{"properties":{"name":"Quality Inn","description":"Posted by Yahoolocal3535 Janes Rd, Arcata, CAQuality Inn (707) 822-0409<a title=\"Built for Community Mapping\" href=\"http://www.platial.com\"><img src=\"http://media.geocommons.com/platial/images/logotype_small.jpg\"></a>","id":"a65kiaa95829"},"type":"Feature","geometry":{"type":"Point","coordinates":[-124.091351,40.901675]}},{"properties":{"name":"Red Lion Hotel Eureka","description":"Posted by Yahoolocal1929 4th St, Eureka, CARed Lion Hotel Eureka (707) 445-0844<a title=\"Built for Community Mapping\" href=\"http://www.platial.com\"><img src=\"http://media.geocommons.com/platial/images/logotype_small.jpg\"></a>","id":"a65ki9zlhxs7"},"type":"Feature","geometry":{"type":"Point","coordinates":[-124.151181,40.804684]}},{"properties":{"name":"Ricoh Business Systems","description":"Posted by Yahoolocal1001 Galaxy Way, #102, Concord, CARicoh Business Systems (925) 603-1300<a title=\"Built for Community Mapping\" href=\"http://www.platial.com\"><img src=\"http://media.geocommons.com/platial/images/logotype_small.jpg\"></a>","id":"a65ki9zfvrqa"},"type":"Feature","geometry":{"type":"Point","coordinates":[-122.061149,37.973998]}},{"properties":{"name":"San Gregorio Environmental Center","description":"Posted by Yahoolocal698 La Honda Rd, San Gregorio, CASan Gregorio Environmental Center (650) 726-2499<a title=\"Built for Community Mapping\" href=\"http://www.platial.com\"><img src=\"http://media.geocommons.com/platial/images/logotype_small.jpg\"></a>","id":"a65kia61iod5"},"type":"Feature","geometry":{"type":"Point","coordinates":[-122.386506,37.326839]}},{"properties":{"name":"Saveon Websites, LLC","description":"Posted by Yahoolocal, Stockton, CASaveon Websites, LLC (209) 940-1096<a title=\"Built for Community Mapping\" href=\"http://www.platial.com\"><img src=\"http://media.geocommons.com/platial/images/logotype_small.jpg\"></a>","id":"a65kia50cr9b"},"type":"Feature","geometry":{"type":"Point","coordinates":[-121.291369,37.958685]}},{"properties":{"name":"Sierra Conservation Center","description":"Posted by Yahoolocal5100 Obyrnes Ferry Rd, Jamestown, CASierra Conservation Center (209) 984-5291<a title=\"Built for Community Mapping\" href=\"http://www.platial.com\"><img src=\"http://media.geocommons.com/platial/images/logotype_small.jpg\"></a>","id":"a65kia3nr1ag"},"type":"Feature","geometry":{"type":"Point","coordinates":[-120.550339,37.892497]}},{"properties":{"name":"Solid Networks Incorporated","description":"Posted by Yahoolocal5809 Stoddard Rd, Modesto, CASolid Networks Incorporated (209) 338-1400<a title=\"Built for Community Mapping\" href=\"http://www.platial.com\"><img src=\"http://media.geocommons.com/platial/images/logotype_small.jpg\"></a>","id":"a65ki9xm539u"},"type":"Feature","geometry":{"type":"Point","coordinates":[-121.068716,37.728781]}},{"properties":{"name":"State Data Center","description":"Posted by Yahoolocal100 N Stewart St, Carson City, NVState Data Center (775) 684-3326<a title=\"Built for Community Mapping\" href=\"http://www.platial.com\"><img src=\"http://media.geocommons.com/platial/images/logotype_small.jpg\"></a>","id":"a65ki9xppmkm"},"type":"Feature","geometry":{"type":"Point","coordinates":[-119.764433,39.163872]}},{"properties":{"name":"Super 8 Fortuna Ca","description":"Posted by Yahoolocal1805 Alamar Way, Fortuna, CASuper 8 Fortuna Ca (707) 725-2888<a title=\"Built for Community Mapping\" href=\"http://www.platial.com\"><img src=\"http://media.geocommons.com/platial/images/logotype_small.jpg\"></a>","id":"a65kia1kpbqj"},"type":"Feature","geometry":{"type":"Point","coordinates":[-124.152335,40.578607]}},{"properties":{"name":"Technology Infrastructure Consulting Group - TCGI","description":"Posted by YahoolocalP.O. Box 153, Clayton, CATechnology Infrastructure Consulting Group - TCGI (925) 685-5425<a title=\"Built for Community Mapping\" href=\"http://www.platial.com\"><img src=\"http://media.geocommons.com/platial/images/logotype_small.jpg\"></a>","id":"a65kia98hpk4"},"type":"Feature","geometry":{"type":"Point","coordinates":[-121.933843,37.94129]}},{"properties":{"name":"Tel Axis","description":"Posted by YahoolocalPo Box 5004, Incline Village, NVTel Axis (775) 831-6500<a title=\"Built for Community Mapping\" href=\"http://www.platial.com\"><img src=\"http://media.geocommons.com/platial/images/logotype_small.jpg\"></a>","id":"a65kia266xzm"},"type":"Feature","geometry":{"type":"Point","coordinates":[-119.97307,39.251292]}},{"properties":{"name":"VA Outpatient Clinic","description":"Posted by Yahoolocal630 Kings Ct, Ukiah, CAVA Outpatient Clinic (707) 468-7700<a title=\"Built for Community Mapping\" href=\"http://www.platial.com\"><img src=\"http://media.geocommons.com/platial/images/logotype_small.jpg\"></a>","id":"a65kia4r59m6"},"type":"Feature","geometry":{"type":"Point","coordinates":[-123.198445,39.14803]}},{"properties":{"name":"Verizon Wireless","description":"Posted by Yahoolocal1214 Airport Park Blvd, Ukiah, CAVerizon Wireless (707) 472-0923<a title=\"Built for Community Mapping\" href=\"http://www.platial.com\"><img src=\"http://media.geocommons.com/platial/images/logotype_small.jpg\"></a>","id":"a65kia8nbfgp"},"type":"Feature","geometry":{"type":"Point","coordinates":[-123.19889,39.132448]}},{"properties":{"name":"Verizon Wireless","description":"Posted by Yahoolocal1214 Airport Park Blvd, Ukiah, CAVerizon Wireless (707) 472-0293<a title=\"Built for Community Mapping\" href=\"http://www.platial.com\"><img src=\"http://media.geocommons.com/platial/images/logotype_small.jpg\"></a>","id":"a65ki9yfyynr"},"type":"Feature","geometry":{"type":"Point","coordinates":[-123.19889,39.132448]}},{"properties":{"name":"Verizon Wireless","description":"Posted by Yahoolocal9 W Alexander Ave, Merced, CAVerizon Wireless (209) 383-7000<a title=\"Built for Community Mapping\" href=\"http://www.platial.com\"><img src=\"http://media.geocommons.com/platial/images/logotype_small.jpg\"></a>","id":"a65kia4txnle"},"type":"Feature","geometry":{"type":"Point","coordinates":[-120.470331,37.315157]}},{"properties":{"name":"Virginia City Convention","description":"Posted by YahoolocalC St, Virginia City, NVVirginia City Convention (775) 847-7500<a title=\"Built for Community Mapping\" href=\"http://www.platial.com\"><img src=\"http://media.geocommons.com/platial/images/logotype_small.jpg\"></a>","id":"a65kia9xo9hr"},"type":"Feature","geometry":{"type":"Point","coordinates":[-119.650908,39.306971]}},{"properties":{"name":"Worksafe Technologies","description":"Posted by Yahoolocal160 Albright Way, #D, Los Gatos, CAWorksafe Technologies (408) 370-7050<a title=\"Built for Community Mapping\" href=\"http://www.platial.com\"><img src=\"http://media.geocommons.com/platial/images/logotype_small.jpg\"></a>","id":"a65kia9og2fx"},"type":"Feature","geometry":{"type":"Point","coordinates":[-121.963439,37.256755]}}],"is_temporal":false,"author":{"url":"http://www.platial.com/map/110359","metadata":null,"contact_name":"yahoolocal","contact_address":null,"source":"platial:yahoolocal","contact_phone":null},"source":"http://www.platial.com/map/110359","pagination":{"sort":null,"start":0,"total":74,"limit":1000000},"state":"complete","tags":"platial,platial:id=110359,platial:user=yahoolocal","published":"2010-03-03T17:00:00Z","id":29167}