{"type":"FeatureCollection","data_type":"Dataset","url_type":null,"permissions":[{"permissions":{"download":true,"view":true},"group_id":"everyone"}],"classification":null,"title":"\nSourced Map: datum\n","count":226,"stream_id":29844,"contributor":{"url":"http://geocommons.com/users/11444","name":"platial"},"data_attributes":null,"calculation_params":null,"icon_link":null,"link":"http://geocommons.com/overlays/29844.json","extent":[-123.167,26.7733,-73.3651,48.9009],"geometry_types":["point"],"unique_name":null,"name":"\nSourced Map: datum\n","feature_count":226,"description":"\nA Map by Yahoolocal\n\n\n","next_feature":null,"is_raster":false,"short_classification":"Y","stats":{},"features":[{"properties":{"name":"Data","description":"Posted by Yahoolocal18502 Office Park Dr, Montgomery Village, MD Data (301) 330-0120<a title=\"Built for Community Mapping\" href=\"http://www.platial.com\"><img src=\"http://media.geocommons.com/platial/images/logotype_small.jpg\"></a>","id":"a6l1z2b51cyb"},"type":"Feature","geometry":{"type":"Point","coordinates":[-77.20439,39.162078]}},{"properties":{"name":"Data","description":"Posted by Yahoolocal2444 Armstrong St, Livermore, CA Data (925) 449-3984<a title=\"Built for Community Mapping\" href=\"http://www.platial.com\"><img src=\"http://media.geocommons.com/platial/images/logotype_small.jpg\"></a>","id":"a6l1z2dw7tes"},"type":"Feature","geometry":{"type":"Point","coordinates":[-121.812034,37.698975]}},{"properties":{"name":"Data","description":"Posted by Yahoolocal1546 Portola Dr, San Francisco, CA Data (415) 682-7582<a title=\"Built for Community Mapping\" href=\"http://www.platial.com\"><img src=\"http://media.geocommons.com/platial/images/logotype_small.jpg\"></a>","id":"a6l1z2jlk70n"},"type":"Feature","geometry":{"type":"Point","coordinates":[-122.469154,37.736903]}},{"properties":{"name":"Data","description":"Posted by Yahoolocal814 Wolverine Dr, #2, Wolverine Lake, MI Data (248) 926-5187<a title=\"Built for Community Mapping\" href=\"http://www.platial.com\"><img src=\"http://media.geocommons.com/platial/images/logotype_small.jpg\"></a>","id":"a6l1z2cxcauh"},"type":"Feature","geometry":{"type":"Point","coordinates":[-83.485458,42.548133]}},{"properties":{"name":"Data","description":"Posted by Yahoolocal7600 Leesburg Pike, #350e, Falls Church, VA Data (703) 903-9881<a title=\"Built for Community Mapping\" href=\"http://www.platial.com\"><img src=\"http://media.geocommons.com/platial/images/logotype_small.jpg\"></a>","id":"a6l1z2aprmse"},"type":"Feature","geometry":{"type":"Point","coordinates":[-77.207633,38.906718]}},{"properties":{"name":"Data Cabling","description":"Posted by Yahoolocal3195 Park Rd, #F, Benicia, CA Data Cabling (707) 746-5228<a title=\"Built for Community Mapping\" href=\"http://www.platial.com\"><img src=\"http://media.geocommons.com/platial/images/logotype_small.jpg\"></a>","id":"a6l1z2ekzqhi"},"type":"Feature","geometry":{"type":"Point","coordinates":[-122.132095,38.065229]}},{"properties":{"name":"Data Cabling","description":"Posted by Yahoolocal2081 Coombsville Rd, Napa, CA Data Cabling (707) 252-2900<a title=\"Built for Community Mapping\" href=\"http://www.platial.com\"><img src=\"http://media.geocommons.com/platial/images/logotype_small.jpg\"></a>","id":"a6l1z2ex082s"},"type":"Feature","geometry":{"type":"Point","coordinates":[-122.247937,38.295145]}},{"properties":{"name":"Data Incorporated","description":"Posted by Yahoolocal, Santa Clarita, CA Data Incorporated (661) 251-0665<a title=\"Built for Community Mapping\" href=\"http://www.platial.com\"><img src=\"http://media.geocommons.com/platial/images/logotype_small.jpg\"></a>","id":"a6l1z2drheil"},"type":"Feature","geometry":{"type":"Point","coordinates":[-118.531397,34.433248]}},{"properties":{"name":"Data Resources","description":"Posted by Yahoolocal5334 Sterling Center Dr, Westlake Village, CA Data Resources (818) 991-0068<a title=\"Built for Community Mapping\" href=\"http://www.platial.com\"><img src=\"http://media.geocommons.com/platial/images/logotype_small.jpg\"></a>","id":"a6l1z2flfgmp"},"type":"Feature","geometry":{"type":"Point","coordinates":[-118.804295,34.145933]}},{"properties":{"name":"Data Sltns","description":"Posted by Yahoolocal718 W Grand River Ave, Brighton, MI Data Sltns (810) 225-9970<a title=\"Built for Community Mapping\" href=\"http://www.platial.com\"><img src=\"http://media.geocommons.com/platial/images/logotype_small.jpg\"></a>","id":"a6l1z2qtjafa"},"type":"Feature","geometry":{"type":"Point","coordinates":[-83.783204,42.534881]}},{"properties":{"name":"Design","description":"Posted by Yahoolocal1128 E Fairhaven Ave, Burlington, WA Design (360) 503-0061<a title=\"Built for Community Mapping\" href=\"http://www.platial.com\"><img src=\"http://media.geocommons.com/platial/images/logotype_small.jpg\"></a>","id":"a6l1z2jzi9hm"},"type":"Feature","geometry":{"type":"Point","coordinates":[-122.320115,48.475469]}},{"properties":{"name":"Development","description":"Posted by Yahoolocal25886 Bellis Dr, Santa Clarita, CA Development (661) 255-1833<a title=\"Built for Community Mapping\" href=\"http://www.platial.com\"><img src=\"http://media.geocommons.com/platial/images/logotype_small.jpg\"></a>","id":"a6l1z2dgem49"},"type":"Feature","geometry":{"type":"Point","coordinates":[-118.553409,34.401205]}},{"properties":{"name":"G Data Graphics","description":"Posted by Yahoolocal, Santa Clarita, CA G Data Graphics (661) 296-2973<a title=\"Built for Community Mapping\" href=\"http://www.platial.com\"><img src=\"http://media.geocommons.com/platial/images/logotype_small.jpg\"></a>","id":"a6l1z2fbgbh5"},"type":"Feature","geometry":{"type":"Point","coordinates":[-118.531397,34.433248]}},{"properties":{"name":"Performance","description":"Posted by Yahoolocal1440 W Brooks St, #5, Ontario, CA Performance (909) 460-9503<a title=\"Built for Community Mapping\" href=\"http://www.platial.com\"><img src=\"http://media.geocommons.com/platial/images/logotype_small.jpg\"></a>","id":"a6l1z2hs9nqk"},"type":"Feature","geometry":{"type":"Point","coordinates":[-117.678382,34.062304]}},{"properties":{"name":"Solutions Incorporated","description":"Posted by Yahoolocal741 Lakefield Rd, Westlake Village, CA Solutions Incorporated (818) 346-9454<a title=\"Built for Community Mapping\" href=\"http://www.platial.com\"><img src=\"http://media.geocommons.com/platial/images/logotype_small.jpg\"></a>","id":"a6l1z2kzh38z"},"type":"Feature","geometry":{"type":"Point","coordinates":[-118.831174,34.157221]}},{"properties":{"name":"Technology","description":"Posted by Yahoolocal3300 75th Ave, Hyattsville, MD Technology (301) 583-3500<a title=\"Built for Community Mapping\" href=\"http://www.platial.com\"><img src=\"http://media.geocommons.com/platial/images/logotype_small.jpg\"></a>","id":"a6l1z2cd214w"},"type":"Feature","geometry":{"type":"Point","coordinates":[-76.88297,38.932806]}},{"properties":{"name":"Abco Data Systems Incorporated","description":"Posted by Yahoolocal1054 Ware St Sw, Vienna, VAAbco Data Systems Incorporated (703) 242-2049<a title=\"Built for Community Mapping\" href=\"http://www.platial.com\"><img src=\"http://media.geocommons.com/platial/images/logotype_small.jpg\"></a>","id":"a6l1z2na9m62"},"type":"Feature","geometry":{"type":"Point","coordinates":[-77.259299,38.882967]}},{"properties":{"name":"Absolute Data","description":"Posted by Yahoolocal5 Hatfield Ln, Goshen, NYAbsolute Data (845) 294-2867<a title=\"Built for Community Mapping\" href=\"http://www.platial.com\"><img src=\"http://media.geocommons.com/platial/images/logotype_small.jpg\"></a>","id":"a6l1z2m5fngj"},"type":"Feature","geometry":{"type":"Point","coordinates":[-74.336668,41.392802]}},{"properties":{"name":"Accurate Always Incorporated","description":"Posted by Yahoolocal119 Harvard Ave, Half Moon Bay, CAAccurate Always Incorporated (650) 728-9428<a title=\"Built for Community Mapping\" href=\"http://www.platial.com\"><img src=\"http://media.geocommons.com/platial/images/logotype_small.jpg\"></a>","id":"a6l1z2e5o84g"},"type":"Feature","geometry":{"type":"Point","coordinates":[-122.492654,37.503647]}},{"properties":{"name":"Accurate Data Networks","description":"Posted by Yahoolocal2001 S Barrington Ave Ste 105, Los Angeles, CAAccurate Data Networks (310) 479-5300<a title=\"Built for Community Mapping\" href=\"http://www.platial.com\"><img src=\"http://media.geocommons.com/platial/images/logotype_small.jpg\"></a>","id":"a6l1z2pucym9"},"type":"Feature","geometry":{"type":"Point","coordinates":[-118.450248,34.037028]}},{"properties":{"name":"Acorn Data Systems Incorporated","description":"Posted by Yahoolocal5713 Harpers Farm Rd, Columbia, MDAcorn Data Systems Incorporated (410) 715-0633<a title=\"Built for Community Mapping\" href=\"http://www.platial.com\"><img src=\"http://media.geocommons.com/platial/images/logotype_small.jpg\"></a>","id":"a6l1z2nb7or4"},"type":"Feature","geometry":{"type":"Point","coordinates":[-76.882109,39.220334]}},{"properties":{"name":"Advanced Data Processing Incorporated","description":"Posted by Yahoolocal7750 Pardee Ln, Oakland, CAAdvanced Data Processing Incorporated (510) 394-9048<a title=\"Built for Community Mapping\" href=\"http://www.platial.com\"><img src=\"http://media.geocommons.com/platial/images/logotype_small.jpg\"></a>","id":"a6l1z2ezpz8o"},"type":"Feature","geometry":{"type":"Point","coordinates":[-122.205608,37.742479]}},{"properties":{"name":"Advanced Data Service","description":"Posted by Yahoolocal12831 Murphy Grove Ter, Clarksburg, MDAdvanced Data Service (301) 916-1856<a title=\"Built for Community Mapping\" href=\"http://www.platial.com\"><img src=\"http://media.geocommons.com/platial/images/logotype_small.jpg\"></a>","id":"a6l1z2n8hhne"},"type":"Feature","geometry":{"type":"Point","coordinates":[-77.2676,39.245984]}},{"properties":{"name":"Advantage Plus Processing","description":"Posted by Yahoolocal, Antioch, CAAdvantage Plus Processing (925) 594-0147<a title=\"Built for Community Mapping\" href=\"http://www.platial.com\"><img src=\"http://media.geocommons.com/platial/images/logotype_small.jpg\"></a>","id":"a6l1z2bjp9kl"},"type":"Feature","geometry":{"type":"Point","coordinates":[-121.805438,37.981064]}},{"properties":{"name":"Aero Data","description":"Posted by Yahoolocal, Pittsfield Twp, MIAero Data (734) 944-0822<a title=\"Built for Community Mapping\" href=\"http://www.platial.com\"><img src=\"http://media.geocommons.com/platial/images/logotype_small.jpg\"></a>","id":"a6l1z2b7r03i"},"type":"Feature","geometry":{"type":"Point","coordinates":[-83.73278,42.227069]}},{"properties":{"name":"American File Safe","description":"Posted by Yahoolocal, Moorpark, CAAmerican File Safe (805) 529-6866<a title=\"Built for Community Mapping\" href=\"http://www.platial.com\"><img src=\"http://media.geocommons.com/platial/images/logotype_small.jpg\"></a>","id":"a6l1z2oi51ec"},"type":"Feature","geometry":{"type":"Point","coordinates":[-118.856518,34.29646]}},{"properties":{"name":"Ameritech Advanced Data Servic","description":"Posted by Yahoolocal1 S Prospect St, Ypsilanti, MIAmeritech Advanced Data Servic (734) 484-3101<a title=\"Built for Community Mapping\" href=\"http://www.platial.com\"><img src=\"http://media.geocommons.com/platial/images/logotype_small.jpg\"></a>","id":"a6l1z2hjx60i"},"type":"Feature","geometry":{"type":"Point","coordinates":[-83.602124,42.241117]}},{"properties":{"name":"Ameritech Advanced Data Service","description":"Posted by Yahoolocal339 E Liberty St, Ann Arbor, MIAmeritech Advanced Data Service (734) 741-5445<a title=\"Built for Community Mapping\" href=\"http://www.platial.com\"><img src=\"http://media.geocommons.com/platial/images/logotype_small.jpg\"></a>","id":"a6l1z2ec5qm8"},"type":"Feature","geometry":{"type":"Point","coordinates":[-83.744085,42.279424]}},{"properties":{"name":"Ameritech Data Services","description":"Posted by Yahoolocal3939 Packard St, Ann Arbor, MIAmeritech Data Services (734) 975-9946<a title=\"Built for Community Mapping\" href=\"http://www.platial.com\"><img src=\"http://media.geocommons.com/platial/images/logotype_small.jpg\"></a>","id":"a6l1z2k1fpjz"},"type":"Feature","geometry":{"type":"Point","coordinates":[-83.682593,42.245503]}},{"properties":{"name":"Andrew Data Corporation","description":"Posted by Yahoolocal2267 Agate Ct, Simi Valley, CAAndrew Data Corporation (805) 522-9157<a title=\"Built for Community Mapping\" href=\"http://www.platial.com\"><img src=\"http://media.geocommons.com/platial/images/logotype_small.jpg\"></a>","id":"a6l1z2jqevkl"},"type":"Feature","geometry":{"type":"Point","coordinates":[-118.781981,34.27639]}},{"properties":{"name":"Apartment Data Corporation","description":"Posted by Yahoolocal7918 River Run Dr, Brighton, MIApartment Data Corporation (248) 879-7971<a title=\"Built for Community Mapping\" href=\"http://www.platial.com\"><img src=\"http://media.geocommons.com/platial/images/logotype_small.jpg\"></a>","id":"a6l1z2nhr7we"},"type":"Feature","geometry":{"type":"Point","coordinates":[-83.790561,42.469671]}},{"properties":{"name":"Appraisal Data","description":"Posted by Yahoolocal3805 Ranya Dr, Commerce Twp, MIAppraisal Data (248) 360-9460<a title=\"Built for Community Mapping\" href=\"http://www.platial.com\"><img src=\"http://media.geocommons.com/platial/images/logotype_small.jpg\"></a>","id":"a6l1z2bpasww"},"type":"Feature","geometry":{"type":"Point","coordinates":[-83.451444,42.580632]}},{"properties":{"name":"Ars Datum Incorporated","description":"Posted by Yahoolocal3231 Ocean Park Blvd, #217, Santa Monica, CAArs Datum Incorporated (310) 399-6725<a title=\"Built for Community Mapping\" href=\"http://www.platial.com\"><img src=\"http://media.geocommons.com/platial/images/logotype_small.jpg\"></a>","id":"a6l1z2daa1jz"},"type":"Feature","geometry":{"type":"Point","coordinates":[-118.451688,34.02133]}},{"properties":{"name":"Art Com Data Service","description":"Posted by Yahoolocal<img src=\"http://media.geocommons.com/platial/images/categories/ICON_culture_verD.gif\"> 2366 Hidden Lake Ct, West Bloomfield, MIArt Com Data Service (248) 360-6005<a title=\"Built for Community Mapping\" href=\"http://www.platial.com\"><img src=\"http://media.geocommons.com/platial/images/logotype_small.jpg\"></a>","id":"a6l1z2mbppkd"},"type":"Feature","geometry":{"type":"Point","coordinates":[-83.401865,42.601415]}},{"properties":{"name":"Ashton Data","description":"Posted by Yahoolocal224 W Washington St, Sequim, WAAshton Data (360) 683-9368<a title=\"Built for Community Mapping\" href=\"http://www.platial.com\"><img src=\"http://media.geocommons.com/platial/images/logotype_small.jpg\"></a>","id":"a6l1z2nfcgfz"},"type":"Feature","geometry":{"type":"Point","coordinates":[-123.105659,48.079642]}},{"properties":{"name":"Automated Data Professionals","description":"Posted by Yahoolocal195 Tierra Rejada Rd Unit 32, Simi Valley, CAAutomated Data Professionals (805) 584-2856<a title=\"Built for Community Mapping\" href=\"http://www.platial.com\"><img src=\"http://media.geocommons.com/platial/images/logotype_small.jpg\"></a>","id":"a6l1z2cp3tyx"},"type":"Feature","geometry":{"type":"Point","coordinates":[-118.798518,34.27234]}},{"properties":{"name":"Axlin Data Systems Incorporated","description":"Posted by Yahoolocal5401 Twin Knolls Rd, #12, Columbia, MDAxlin Data Systems Incorporated (410) 730-2000<a title=\"Built for Community Mapping\" href=\"http://www.platial.com\"><img src=\"http://media.geocommons.com/platial/images/logotype_small.jpg\"></a>","id":"a6l1z2f1kt80"},"type":"Feature","geometry":{"type":"Point","coordinates":[-76.842402,39.220783]}},{"properties":{"name":"Barnett Data Systems","description":"Posted by Yahoolocal10895 Lakepointe Dr, Pinckney, MIBarnett Data Systems (810) 231-6356<a title=\"Built for Community Mapping\" href=\"http://www.platial.com\"><img src=\"http://media.geocommons.com/platial/images/logotype_small.jpg\"></a>","id":"a6l1z2hi8n51"},"type":"Feature","geometry":{"type":"Point","coordinates":[-83.864236,42.443078]}},{"properties":{"name":"Behavioral Data Svc-Bds","description":"Posted by Yahoolocal326 S State St, Ann Arbor, MIBehavioral Data Svc-Bds (734) 663-2990<a title=\"Built for Community Mapping\" href=\"http://www.platial.com\"><img src=\"http://media.geocommons.com/platial/images/logotype_small.jpg\"></a>","id":"a6l1z2dfy941"},"type":"Feature","geometry":{"type":"Point","coordinates":[-83.740758,42.278571]}},{"properties":{"name":"Bluedog PC","description":"Posted by Yahoolocal, Belleville, MIBluedog PC (734) 895-5180<a title=\"Built for Community Mapping\" href=\"http://www.platial.com\"><img src=\"http://media.geocommons.com/platial/images/logotype_small.jpg\"></a>","id":"a6l1z2o6s135"},"type":"Feature","geometry":{"type":"Point","coordinates":[-83.485145,42.204643]}},{"properties":{"name":"Business Data Systems Incorporated","description":"Posted by Yahoolocal9645 Steep Hollow Dr, White Lake, MIBusiness Data Systems Incorporated (248) 698-2300<a title=\"Built for Community Mapping\" href=\"http://www.platial.com\"><img src=\"http://media.geocommons.com/platial/images/logotype_small.jpg\"></a>","id":"a6l1z2pulyms"},"type":"Feature","geometry":{"type":"Point","coordinates":[-83.467445,42.648349]}},{"properties":{"name":"Central Data Processing Incorporated","description":"Posted by Yahoolocal8007 Cryden Way, Forestville, MDCentral Data Processing Incorporated (301) 568-4900<a title=\"Built for Community Mapping\" href=\"http://www.platial.com\"><img src=\"http://media.geocommons.com/platial/images/logotype_small.jpg\"></a>","id":"a6l1z2ej2xd2"},"type":"Feature","geometry":{"type":"Point","coordinates":[-76.8678,38.847815]}},{"properties":{"name":"Chemical Data Management Systm","description":"Posted by Yahoolocal6515 Trinity Ct, #201, Dublin, CAChemical Data Management Systm (925) 551-7300<a title=\"Built for Community Mapping\" href=\"http://www.platial.com\"><img src=\"http://media.geocommons.com/platial/images/logotype_small.jpg\"></a>","id":"a6l1z2frevle"},"type":"Feature","geometry":{"type":"Point","coordinates":[-121.912109,37.709705]}},{"properties":{"name":"Coastside-Peninsula Appraisal","description":"Posted by Yahoolocal700 Mill St, Half Moon Bay, CACoastside-Peninsula Appraisal (650) 726-1345<a title=\"Built for Community Mapping\" href=\"http://www.platial.com\"><img src=\"http://media.geocommons.com/platial/images/logotype_small.jpg\"></a>","id":"a6l1z2bmhpz9"},"type":"Feature","geometry":{"type":"Point","coordinates":[-122.429037,37.464642]}},{"properties":{"name":"Com Tech Ef Data","description":"Posted by Yahoolocal3235 Corporate Ct, Ellicott City, MDCom Tech Ef Data (410) 750-8400<a title=\"Built for Community Mapping\" href=\"http://www.platial.com\"><img src=\"http://media.geocommons.com/platial/images/logotype_small.jpg\"></a>","id":"a6l1z2iobb98"},"type":"Feature","geometry":{"type":"Point","coordinates":[-76.863451,39.281904]}},{"properties":{"name":"Concurrent Computer Corporation","description":"Posted by Yahoolocal103 Harvard Ave, Half Moon Bay, CAConcurrent Computer Corporation (650) 712-3820<a title=\"Built for Community Mapping\" href=\"http://www.platial.com\"><img src=\"http://media.geocommons.com/platial/images/logotype_small.jpg\"></a>","id":"a6l1z2dk092w"},"type":"Feature","geometry":{"type":"Point","coordinates":[-122.49284,37.503563]}},{"properties":{"name":"Construction Market Data","description":"Posted by Yahoolocal3119 Pine Orchard Ln, Ellicott City, MDConstruction Market Data (410) 750-0990<a title=\"Built for Community Mapping\" href=\"http://www.platial.com\"><img src=\"http://media.geocommons.com/platial/images/logotype_small.jpg\"></a>","id":"a6l1z2jrtkzb"},"type":"Feature","geometry":{"type":"Point","coordinates":[-76.863211,39.284323]}},{"properties":{"name":"Cyber Data Solutions","description":"Posted by Yahoolocal2894 Ticknor Ct, Ann Arbor, MICyber Data Solutions (734) 975-1921<a title=\"Built for Community Mapping\" href=\"http://www.platial.com\"><img src=\"http://media.geocommons.com/platial/images/logotype_small.jpg\"></a>","id":"a6l1z2f13adx"},"type":"Feature","geometry":{"type":"Point","coordinates":[-83.720022,42.244894]}},{"properties":{"name":"Cybersoft Offshore Data Entry","description":"Posted by Yahoolocal165 Glenview Dr, San Francisco, CACybersoft Offshore Data Entry (415) 648-2539<a title=\"Built for Community Mapping\" href=\"http://www.platial.com\"><img src=\"http://media.geocommons.com/platial/images/logotype_small.jpg\"></a>","id":"a6l1z2dehefv"},"type":"Feature","geometry":{"type":"Point","coordinates":[-122.447696,37.748659]}},{"properties":{"name":"Data 911 Public Safety Data","description":"Posted by Yahoolocal2021 Challenger Dr, Alameda, CAData 911 Public Safety Data (510) 865-9100<a title=\"Built for Community Mapping\" href=\"http://www.platial.com\"><img src=\"http://media.geocommons.com/platial/images/logotype_small.jpg\"></a>","id":"a6l1z2c1bdau"},"type":"Feature","geometry":{"type":"Point","coordinates":[-122.27087,37.781378]}},{"properties":{"name":"Data Access Solutions","description":"Posted by Yahoolocal75 Monte Mar Dr, Sausalito, CAData Access Solutions (415) 331-9993<a title=\"Built for Community Mapping\" href=\"http://www.platial.com\"><img src=\"http://media.geocommons.com/platial/images/logotype_small.jpg\"></a>","id":"a6l1z2qecizm"},"type":"Feature","geometry":{"type":"Point","coordinates":[-122.491469,37.855312]}},{"properties":{"name":"Data Assistance Technologies","description":"Posted by Yahoolocal505 Ivy Pointe Cir, San Ramon, CAData Assistance Technologies (925) 648-3586<a title=\"Built for Community Mapping\" href=\"http://www.platial.com\"><img src=\"http://media.geocommons.com/platial/images/logotype_small.jpg\"></a>","id":"a6l1z2nnontw"},"type":"Feature","geometry":{"type":"Point","coordinates":[-121.924854,37.783645]}},{"properties":{"name":"Data Base Data Destruction","description":"Posted by Yahoolocal11128 117th Pl Ne, Kirkland, WAData Base Data Destruction (425) 828-0808<a title=\"Built for Community Mapping\" href=\"http://www.platial.com\"><img src=\"http://media.geocommons.com/platial/images/logotype_small.jpg\"></a>","id":"a6l1z2q2qipu"},"type":"Feature","geometry":{"type":"Point","coordinates":[-122.18458,47.700132]}},{"properties":{"name":"Data Business Systems","description":"Posted by Yahoolocal3060 Williams Dr, #310, Fairfax, VAData Business Systems (703) 573-2292<a title=\"Built for Community Mapping\" href=\"http://www.platial.com\"><img src=\"http://media.geocommons.com/platial/images/logotype_small.jpg\"></a>","id":"a6l1z2p27xl6"},"type":"Feature","geometry":{"type":"Point","coordinates":[-77.233347,38.86684]}},{"properties":{"name":"Data Center","description":"Posted by Yahoolocal1904 Franklin St Ste 900, Oakland, CAData Center (510) 835-4692<a title=\"Built for Community Mapping\" href=\"http://www.platial.com\"><img src=\"http://media.geocommons.com/platial/images/logotype_small.jpg\"></a>","id":"a6l1z2c65bq0"},"type":"Feature","geometry":{"type":"Point","coordinates":[-122.267814,37.807397]}},{"properties":{"name":"Data Center Corporation","description":"Posted by Yahoolocal, Bel Air, CAData Center Corporation (310) 475-4444<a title=\"Built for Community Mapping\" href=\"http://www.platial.com\"><img src=\"http://media.geocommons.com/platial/images/logotype_small.jpg\"></a>","id":"a6l1z2i5e9km"},"type":"Feature","geometry":{"type":"Point","coordinates":[-118.442791,34.077438]}},{"properties":{"name":"Data Check Corporation","description":"Posted by Yahoolocal5148 N Commerce Ave, Moorpark, CAData Check Corporation (805) 552-0744<a title=\"Built for Community Mapping\" href=\"http://www.platial.com\"><img src=\"http://media.geocommons.com/platial/images/logotype_small.jpg\"></a>","id":"a6l1z2lwa5js"},"type":"Feature","geometry":{"type":"Point","coordinates":[-118.898918,34.280781]}},{"properties":{"name":"Data Company","description":"Posted by Yahoolocal, Palo Alto, CAData Company (650) 843-1414<a title=\"Built for Community Mapping\" href=\"http://www.platial.com\"><img src=\"http://media.geocommons.com/platial/images/logotype_small.jpg\"></a>","id":"a6l1z2fwr9u5"},"type":"Feature","geometry":{"type":"Point","coordinates":[-122.159928,37.437328]}},{"properties":{"name":"Data Connection Corporation","description":"Posted by Yahoolocal1001 Marina Village Pkwy Ste 100, Alameda, CAData Connection Corporation (510) 748-8230<a title=\"Built for Community Mapping\" href=\"http://www.platial.com\"><img src=\"http://media.geocommons.com/platial/images/logotype_small.jpg\"></a>","id":"a6l1z2r09h4r"},"type":"Feature","geometry":{"type":"Point","coordinates":[-122.271086,37.783919]}},{"properties":{"name":"Data Connection Solutions","description":"Posted by Yahoolocal23127 Poplar Glen Cir, Valencia, CAData Connection Solutions (661) 296-3237<a title=\"Built for Community Mapping\" href=\"http://www.platial.com\"><img src=\"http://media.geocommons.com/platial/images/logotype_small.jpg\"></a>","id":"a6l1z2pb43gs"},"type":"Feature","geometry":{"type":"Point","coordinates":[-118.54011,34.448304]}},{"properties":{"name":"Data Creations","description":"Posted by Yahoolocal7110 Kipling Pky, District Heights, MDData Creations (301) 516-1800<a title=\"Built for Community Mapping\" href=\"http://www.platial.com\"><img src=\"http://media.geocommons.com/platial/images/logotype_small.jpg\"></a>","id":"a6l1z2o324h8"},"type":"Feature","geometry":{"type":"Point","coordinates":[-76.883847,38.857221]}},{"properties":{"name":"Data Day Computers","description":"Posted by Yahoolocal2319 Springs Rd, Vallejo, CAData Day Computers (707) 552-5600<a title=\"Built for Community Mapping\" href=\"http://www.platial.com\"><img src=\"http://media.geocommons.com/platial/images/logotype_small.jpg\"></a>","id":"a6l1z2mwbcuk"},"type":"Feature","geometry":{"type":"Point","coordinates":[-122.214079,38.105836]}},{"properties":{"name":"Data Design Corporation","description":"Posted by Yahoolocal7851 Beechcraft Ave, #A, Gaithersburg, MDData Design Corporation (301) 670-1157<a title=\"Built for Community Mapping\" href=\"http://www.platial.com\"><img src=\"http://media.geocommons.com/platial/images/logotype_small.jpg\"></a>","id":"a6l1z2j6zh15"},"type":"Feature","geometry":{"type":"Point","coordinates":[-77.161118,39.162753]}},{"properties":{"name":"Data Doctors","description":"Posted by Yahoolocal2915 Newmarket Pl, Bellingham, WAData Doctors (360) 306-5261<a title=\"Built for Community Mapping\" href=\"http://www.platial.com\"><img src=\"http://media.geocommons.com/platial/images/logotype_small.jpg\"></a>","id":"a6l1z2izy4kj"},"type":"Feature","geometry":{"type":"Point","coordinates":[-122.443549,48.772501]}},{"properties":{"name":"Data Doctors","description":"Posted by Yahoolocal230 36th St, Bellingham, WAData Doctors (360) 527-8679<a title=\"Built for Community Mapping\" href=\"http://www.platial.com\"><img src=\"http://media.geocommons.com/platial/images/logotype_small.jpg\"></a>","id":"a6l1z2ouf5d6"},"type":"Feature","geometry":{"type":"Point","coordinates":[-122.469678,48.732751]}},{"properties":{"name":"Data Domain","description":"Posted by Yahoolocal3400 Hillview Ave, Palo Alto, CAData Domain (650) 565-7300<a title=\"Built for Community Mapping\" href=\"http://www.platial.com\"><img src=\"http://media.geocommons.com/platial/images/logotype_small.jpg\"></a>","id":"a6l1z2khnrbb"},"type":"Feature","geometry":{"type":"Point","coordinates":[-122.145981,37.403315]}},{"properties":{"name":"Data Driven Marketing","description":"Posted by Yahoolocal48155 West Rd, Wixom, MIData Driven Marketing (248) 449-3030<a title=\"Built for Community Mapping\" href=\"http://www.platial.com\"><img src=\"http://media.geocommons.com/platial/images/logotype_small.jpg\"></a>","id":"a6l1z2qf3czk"},"type":"Feature","geometry":{"type":"Point","coordinates":[-83.52325,42.508624]}},{"properties":{"name":"Data Financial Press","description":"Posted by Yahoolocal, Palo Alto, CAData Financial Press (650) 321-4553<a title=\"Built for Community Mapping\" href=\"http://www.platial.com\"><img src=\"http://media.geocommons.com/platial/images/logotype_small.jpg\"></a>","id":"a6l1z2poeyq2"},"type":"Feature","geometry":{"type":"Point","coordinates":[-122.159928,37.437328]}},{"properties":{"name":"Data Financial System and Advisory Services","description":"Posted by Yahoolocal3024 Fruitvale Ave, Oakland, CAData Financial System and Advisory Services (510) 532-2878<a title=\"Built for Community Mapping\" href=\"http://www.platial.com\"><img src=\"http://media.geocommons.com/platial/images/logotype_small.jpg\"></a>","id":"a6l1z2jm7uda"},"type":"Feature","geometry":{"type":"Point","coordinates":[-122.218347,37.794866]}},{"properties":{"name":"Data House Incorporated","description":"Posted by Yahoolocal2001 Vendovi Ln, Bellingham, WAData House Incorporated (360) 647-1891<a title=\"Built for Community Mapping\" href=\"http://www.platial.com\"><img src=\"http://media.geocommons.com/platial/images/logotype_small.jpg\"></a>","id":"a6l1z2nssgit"},"type":"Feature","geometry":{"type":"Point","coordinates":[-122.450629,48.736908]}},{"properties":{"name":"Data Image Systems","description":"Posted by Yahoolocal3070 Old Farm Ln, Walled Lake, MIData Image Systems (248) 960-0300<a title=\"Built for Community Mapping\" href=\"http://www.platial.com\"><img src=\"http://media.geocommons.com/platial/images/logotype_small.jpg\"></a>","id":"a6l1z2qhqkg5"},"type":"Feature","geometry":{"type":"Point","coordinates":[-83.442874,42.567609]}},{"properties":{"name":"Data Integrated","description":"Posted by Yahoolocal8031 Main St, Dexter, MIData Integrated (734) 426-4995<a title=\"Built for Community Mapping\" href=\"http://www.platial.com\"><img src=\"http://media.geocommons.com/platial/images/logotype_small.jpg\"></a>","id":"a6l1z2nddl9e"},"type":"Feature","geometry":{"type":"Point","coordinates":[-83.888203,42.337984]}},{"properties":{"name":"Data Line Engineering","description":"Posted by Yahoolocal1634 Aspenwall Rd, Westlake Village, CAData Line Engineering (805) 495-1931<a title=\"Built for Community Mapping\" href=\"http://www.platial.com\"><img src=\"http://media.geocommons.com/platial/images/logotype_small.jpg\"></a>","id":"a6l1z2l6teka"},"type":"Feature","geometry":{"type":"Point","coordinates":[-118.846784,34.14405]}},{"properties":{"name":"Data Link Association","description":"Posted by Yahoolocal28110 Avenue Stanford Unit A, Santa Clarita, CAData Link Association (661) 295-6810<a title=\"Built for Community Mapping\" href=\"http://www.platial.com\"><img src=\"http://media.geocommons.com/platial/images/logotype_small.jpg\"></a>","id":"a6l1z2hyb80r"},"type":"Feature","geometry":{"type":"Point","coordinates":[-118.588746,34.434302]}},{"properties":{"name":"Data Link West","description":"Posted by Yahoolocal4059 Bakerview Valley Rd, Bellingham, WAData Link West (360) 734-8911<a title=\"Built for Community Mapping\" href=\"http://www.platial.com\"><img src=\"http://media.geocommons.com/platial/images/logotype_small.jpg\"></a>","id":"a6l1z2fb8e6l"},"type":"Feature","geometry":{"type":"Point","coordinates":[-122.437568,48.788967]}},{"properties":{"name":"Data Management Association Incorporated","description":"Posted by Yahoolocal210 Collingwood St, #220, Ann Arbor, MIData Management Association Incorporated (734) 747-8757<a title=\"Built for Community Mapping\" href=\"http://www.platial.com\"><img src=\"http://media.geocommons.com/platial/images/logotype_small.jpg\"></a>","id":"a6l1z2jbu645"},"type":"Feature","geometry":{"type":"Point","coordinates":[-83.778098,42.279431]}},{"properties":{"name":"Data Microimaging","description":"Posted by Yahoolocal25101 Rye Canyon Loop, Valencia, CAData Microimaging (661) 775-0882<a title=\"Built for Community Mapping\" href=\"http://www.platial.com\"><img src=\"http://media.geocommons.com/platial/images/logotype_small.jpg\"></a>","id":"a6l1z2lc2cd9"},"type":"Feature","geometry":{"type":"Point","coordinates":[-118.583929,34.434587]}},{"properties":{"name":"Data Net","description":"Posted by Yahoolocal103 W Broad St, Falls Church, VAData Net (703) 534-0600<a title=\"Built for Community Mapping\" href=\"http://www.platial.com\"><img src=\"http://media.geocommons.com/platial/images/logotype_small.jpg\"></a>","id":"a6l1z2m0nyuv"},"type":"Feature","geometry":{"type":"Point","coordinates":[-77.171218,38.882263]}},{"properties":{"name":"Data Optics Incorporated","description":"Posted by Yahoolocal115 Holmes Rd, Ypsilanti, MIData Optics Incorporated (734) 483-8228<a title=\"Built for Community Mapping\" href=\"http://www.platial.com\"><img src=\"http://media.geocommons.com/platial/images/logotype_small.jpg\"></a>","id":"a6l1z2pefwil"},"type":"Feature","geometry":{"type":"Point","coordinates":[-83.608418,42.253368]}},{"properties":{"name":"Data Plus","description":"Posted by Yahoolocal1101 Horizon Dr, Fairfield, CAData Plus (707) 423-2586<a title=\"Built for Community Mapping\" href=\"http://www.platial.com\"><img src=\"http://media.geocommons.com/platial/images/logotype_small.jpg\"></a>","id":"a6l1z2ddrldm"},"type":"Feature","geometry":{"type":"Point","coordinates":[-122.01145,38.274257]}},{"properties":{"name":"Data Processing Solutions Incorporated","description":"Posted by Yahoolocal9160 Red Branch Rd, #W1, Columbia, MDData Processing Solutions Incorporated (410) 720-3300<a title=\"Built for Community Mapping\" href=\"http://www.platial.com\"><img src=\"http://media.geocommons.com/platial/images/logotype_small.jpg\"></a>","id":"a6l1z2puu0or"},"type":"Feature","geometry":{"type":"Point","coordinates":[-76.821519,39.230988]}},{"properties":{"name":"Data Recovery Group","description":"Posted by Yahoolocal1821 Marina Blvd, San Leandro, CAData Recovery Group (510) 347-1010<a title=\"Built for Community Mapping\" href=\"http://www.platial.com\"><img src=\"http://media.geocommons.com/platial/images/logotype_small.jpg\"></a>","id":"a6l1z2ogr33j"},"type":"Feature","geometry":{"type":"Point","coordinates":[-122.169928,37.709067]}},{"properties":{"name":"Data Recovery Services Incorporated","description":"Posted by Yahoolocal7633 Leesburg Pike, Falls Church, VAData Recovery Services Incorporated (703) 448-2002<a title=\"Built for Community Mapping\" href=\"http://www.platial.com\"><img src=\"http://media.geocommons.com/platial/images/logotype_small.jpg\"></a>","id":"a6l1z2dmitnn"},"type":"Feature","geometry":{"type":"Point","coordinates":[-77.207361,38.906469]}},{"properties":{"name":"Data Riffic","description":"Posted by Yahoolocal7008 Beltz Dr, District Heights, MDData Riffic (301) 420-5547<a title=\"Built for Community Mapping\" href=\"http://www.platial.com\"><img src=\"http://media.geocommons.com/platial/images/logotype_small.jpg\"></a>","id":"a6l1z2jnys04"},"type":"Feature","geometry":{"type":"Point","coordinates":[-76.886835,38.837431]}},{"properties":{"name":"Data Science Group","description":"Posted by Yahoolocal2166 Staunton Ct, Palo Alto, CAData Science Group (650) 493-1602<a title=\"Built for Community Mapping\" href=\"http://www.platial.com\"><img src=\"http://media.geocommons.com/platial/images/logotype_small.jpg\"></a>","id":"a6l1z2qyojc7"},"type":"Feature","geometry":{"type":"Point","coordinates":[-122.148299,37.425983]}},{"properties":{"name":"Data Security Corporation","description":"Posted by Yahoolocal8516 Canyon Rd E, Puyallup, WAData Security Corporation (253) 535-8803<a title=\"Built for Community Mapping\" href=\"http://www.platial.com\"><img src=\"http://media.geocommons.com/platial/images/logotype_small.jpg\"></a>","id":"a6l1z2eq6wbz"},"type":"Feature","geometry":{"type":"Point","coordinates":[-122.357203,47.179631]}},{"properties":{"name":"Data Select System Incorporated","description":"Posted by Yahoolocal2829 Townsgate Rd Ste 300, Westlake Village, CAData Select System Incorporated (805) 446-2090<a title=\"Built for Community Mapping\" href=\"http://www.platial.com\"><img src=\"http://media.geocommons.com/platial/images/logotype_small.jpg\"></a>","id":"a6l1z2o7yr9g"},"type":"Feature","geometry":{"type":"Point","coordinates":[-118.821935,34.151636]}},{"properties":{"name":"Data Solutions","description":"Posted by Yahoolocal5539 Green Mountain Cir, Columbia, MDData Solutions (410) 772-9666<a title=\"Built for Community Mapping\" href=\"http://www.platial.com\"><img src=\"http://media.geocommons.com/platial/images/logotype_small.jpg\"></a>","id":"a6l1z2jlpzp0"},"type":"Feature","geometry":{"type":"Point","coordinates":[-76.866536,39.219611]}},{"properties":{"name":"Data Stat Productions","description":"Posted by Yahoolocal5439 85th Ave, Lanham, MDData Stat Productions (301) 577-5257<a title=\"Built for Community Mapping\" href=\"http://www.platial.com\"><img src=\"http://media.geocommons.com/platial/images/logotype_small.jpg\"></a>","id":"a6l1z2cnijhs"},"type":"Feature","geometry":{"type":"Point","coordinates":[-76.868267,38.955988]}},{"properties":{"name":"Data Street Internet Systems","description":"Posted by Yahoolocal860 Hampshire Rd Ste D, Westlake Village, CAData Street Internet Systems (818) 735-0142<a title=\"Built for Community Mapping\" href=\"http://www.platial.com\"><img src=\"http://media.geocommons.com/platial/images/logotype_small.jpg\"></a>","id":"a6l1z2azprs6"},"type":"Feature","geometry":{"type":"Point","coordinates":[-118.831247,34.154568]}},{"properties":{"name":"Data String Incorporated","description":"Posted by Yahoolocal2962 19th Ave, San Francisco, CAData String Incorporated (415) 759-8591<a title=\"Built for Community Mapping\" href=\"http://www.platial.com\"><img src=\"http://media.geocommons.com/platial/images/logotype_small.jpg\"></a>","id":"a6l1z2lw3a7n"},"type":"Feature","geometry":{"type":"Point","coordinates":[-122.474986,37.733273]}},{"properties":{"name":"Data Surveys Incorporated","description":"Posted by Yahoolocal9801 Pope Ln, Brighton, MIData Surveys Incorporated (800) 284-7001<a title=\"Built for Community Mapping\" href=\"http://www.platial.com\"><img src=\"http://media.geocommons.com/platial/images/logotype_small.jpg\"></a>","id":"a6l1z2kn072r"},"type":"Feature","geometry":{"type":"Point","coordinates":[-83.75202,42.488881]}},{"properties":{"name":"Data Surveys Incorporated","description":"Posted by Yahoolocal2829 W Grand River Ave, Howell, MIData Surveys Incorporated (517) 546-8096<a title=\"Built for Community Mapping\" href=\"http://www.platial.com\"><img src=\"http://media.geocommons.com/platial/images/logotype_small.jpg\"></a>","id":"a6l1z2cf2d3z"},"type":"Feature","geometry":{"type":"Point","coordinates":[-83.970665,42.618939]}},{"properties":{"name":"Data Synectics Incorporated","description":"Posted by Yahoolocal30423 Canwood St, Agoura Hills, CAData Synectics Incorporated (818) 706-3980<a title=\"Built for Community Mapping\" href=\"http://www.platial.com\"><img src=\"http://media.geocommons.com/platial/images/logotype_small.jpg\"></a>","id":"a6l1z2elchh2"},"type":"Feature","geometry":{"type":"Point","coordinates":[-118.784844,34.147039]}},{"properties":{"name":"Data Synectics Incorporated","description":"Posted by Yahoolocal5432 Jon Dodson Dr, Agoura Hills, CAData Synectics Incorporated (818) 706-3980<a title=\"Built for Community Mapping\" href=\"http://www.platial.com\"><img src=\"http://media.geocommons.com/platial/images/logotype_small.jpg\"></a>","id":"a6l1z2o89ehh"},"type":"Feature","geometry":{"type":"Point","coordinates":[-118.781924,34.150144]}},{"properties":{"name":"Data Systems Leasing","description":"Posted by Yahoolocal385 N Kenter Ave, Los Angeles, CAData Systems Leasing (310) 476-4493<a title=\"Built for Community Mapping\" href=\"http://www.platial.com\"><img src=\"http://media.geocommons.com/platial/images/logotype_small.jpg\"></a>","id":"a6l1z2bqyn1d"},"type":"Feature","geometry":{"type":"Point","coordinates":[-118.484049,34.06562]}},{"properties":{"name":"Data Tech","description":"Posted by Yahoolocal, Port Townsend, WAData Tech (360) 385-7410<a title=\"Built for Community Mapping\" href=\"http://www.platial.com\"><img src=\"http://media.geocommons.com/platial/images/logotype_small.jpg\"></a>","id":"a6l1z2mhxbr4"},"type":"Feature","geometry":{"type":"Point","coordinates":[-122.790728,48.120133]}},{"properties":{"name":"Data Tectonics","description":"Posted by Yahoolocal3730 Dorsey Search Cir, Ellicott City, MDData Tectonics (410) 461-4735<a title=\"Built for Community Mapping\" href=\"http://www.platial.com\"><img src=\"http://media.geocommons.com/platial/images/logotype_small.jpg\"></a>","id":"a6l1z2cu7j8a"},"type":"Feature","geometry":{"type":"Point","coordinates":[-76.847075,39.268359]}},{"properties":{"name":"Data Transfer Systems","description":"Posted by Yahoolocal2231 Daffodil Dr, Pittsburg, CAData Transfer Systems (925) 427-1652<a title=\"Built for Community Mapping\" href=\"http://www.platial.com\"><img src=\"http://media.geocommons.com/platial/images/logotype_small.jpg\"></a>","id":"a6l1z2moqq8f"},"type":"Feature","geometry":{"type":"Point","coordinates":[-121.925565,38.013438]}},{"properties":{"name":"Data Tree Incorporated","description":"Posted by Yahoolocal10326 Watkins Mill Dr, Montgomery Village, MDData Tree Incorporated (301) 869-6662<a title=\"Built for Community Mapping\" href=\"http://www.platial.com\"><img src=\"http://media.geocommons.com/platial/images/logotype_small.jpg\"></a>","id":"a6l1z2q5vuio"},"type":"Feature","geometry":{"type":"Point","coordinates":[-77.210114,39.177086]}},{"properties":{"name":"Data Triage Technologies","description":"Posted by Yahoolocal1317 Federal Ave Apt 2, Los Angeles, CAData Triage Technologies (310) 478-2113<a title=\"Built for Community Mapping\" href=\"http://www.platial.com\"><img src=\"http://media.geocommons.com/platial/images/logotype_small.jpg\"></a>","id":"a6l1z2ju8hpc"},"type":"Feature","geometry":{"type":"Point","coordinates":[-118.456926,34.048141]}},{"properties":{"name":"Data V Solutions","description":"Posted by Yahoolocal4 N Adams St, Ypsilanti, MIData V Solutions (734) 487-1377<a title=\"Built for Community Mapping\" href=\"http://www.platial.com\"><img src=\"http://media.geocommons.com/platial/images/logotype_small.jpg\"></a>","id":"a6l1z2bkkbh0"},"type":"Feature","geometry":{"type":"Point","coordinates":[-83.616028,42.241098]}},{"properties":{"name":"Data Works Professional LLC","description":"Posted by Yahoolocal48891 Fox Dr S, Plymouth, MIData Works Professional LLC (734) 416-2440<a title=\"Built for Community Mapping\" href=\"http://www.platial.com\"><img src=\"http://media.geocommons.com/platial/images/logotype_small.jpg\"></a>","id":"a6l1z2osrisg"},"type":"Feature","geometry":{"type":"Point","coordinates":[-83.525271,42.36905]}},{"properties":{"name":"Data Zing Technologies","description":"Posted by Yahoolocal, Lake Forest Park, WAData Zing Technologies (206) 407-3353<a title=\"Built for Community Mapping\" href=\"http://www.platial.com\"><img src=\"http://media.geocommons.com/platial/images/logotype_small.jpg\"></a>","id":"a6l1z2k6qahq"},"type":"Feature","geometry":{"type":"Point","coordinates":[-122.291841,47.762849]}},{"properties":{"name":"Data-Factory Designs","description":"Posted by Yahoolocal, Antioch, CAData-Factory Designs (925) 776-7681<a title=\"Built for Community Mapping\" href=\"http://www.platial.com\"><img src=\"http://media.geocommons.com/platial/images/logotype_small.jpg\"></a>","id":"a6l1z2aw4oor"},"type":"Feature","geometry":{"type":"Point","coordinates":[-121.805438,37.981064]}},{"properties":{"name":"Datum","description":"Posted by Yahoolocal6010 W Pico Blvd, Los Angeles, CADatum (310) 764-0763<a title=\"Built for Community Mapping\" href=\"http://www.platial.com\"><img src=\"http://media.geocommons.com/platial/images/logotype_small.jpg\"></a>","id":"a6l1z2i0p9tc"},"type":"Feature","geometry":{"type":"Point","coordinates":[-118.371266,34.052406]}},{"properties":{"name":"Datum Architects Engineers Incorporated","description":"Posted by Yahoolocal3 Bancroft Cir, Monroe, LADatum Architects Engineers Incorporated (318) 387-8930<a title=\"Built for Community Mapping\" href=\"http://www.platial.com\"><img src=\"http://media.geocommons.com/platial/images/logotype_small.jpg\"></a>","id":"a6l1z2pqszja"},"type":"Feature","geometry":{"type":"Point","coordinates":[-92.091746,32.528954]}},{"properties":{"name":"Datum Control","description":"Posted by Yahoolocal1170 N Kraemer Pl, Anaheim, CADatum Control (714) 414-1170<a title=\"Built for Community Mapping\" href=\"http://www.platial.com\"><img src=\"http://media.geocommons.com/platial/images/logotype_small.jpg\"></a>","id":"a6l1z2pmtsl0"},"type":"Feature","geometry":{"type":"Point","coordinates":[-117.859651,33.853248]}},{"properties":{"name":"Datum Design Drafting Incorporated","description":"Posted by Yahoolocal2602 E Magnolia St, Phoenix, AZDatum Design Drafting Incorporated (602) 286-6596<a title=\"Built for Community Mapping\" href=\"http://www.platial.com\"><img src=\"http://media.geocommons.com/platial/images/logotype_small.jpg\"></a>","id":"a6l1z2cx2h3e"},"type":"Feature","geometry":{"type":"Point","coordinates":[-112.025548,33.422507]}},{"properties":{"name":"Datum Engineering","description":"Posted by Yahoolocal308 S Akard St, Dallas, TXDatum Engineering (214) 742-9024<a title=\"Built for Community Mapping\" href=\"http://www.platial.com\"><img src=\"http://media.geocommons.com/platial/images/logotype_small.jpg\"></a>","id":"a6l1z2mfb8os"},"type":"Feature","geometry":{"type":"Point","coordinates":[-96.799289,32.779029]}},{"properties":{"name":"Datum Engineering Incorporated","description":"Posted by Yahoolocal6516 Forest Park Rd, Dallas, TXDatum Engineering Incorporated (214) 358-0174<a title=\"Built for Community Mapping\" href=\"http://www.platial.com\"><img src=\"http://media.geocommons.com/platial/images/logotype_small.jpg\"></a>","id":"a6l1z2atqjaf"},"type":"Feature","geometry":{"type":"Point","coordinates":[-96.846521,32.824769]}},{"properties":{"name":"Datum Equipment Company","description":"Posted by Yahoolocal2441 Bartlett St, Houston, TXDatum Equipment Company (713) 529-3688<a title=\"Built for Community Mapping\" href=\"http://www.platial.com\"><img src=\"http://media.geocommons.com/platial/images/logotype_small.jpg\"></a>","id":"a6l1z2kqmxao"},"type":"Feature","geometry":{"type":"Point","coordinates":[-95.416716,29.727199]}},{"properties":{"name":"Datum Inspection Service","description":"Posted by Yahoolocal2350 W Shangri La Rd, Phoenix, AZDatum Inspection Service (602) 997-1340<a title=\"Built for Community Mapping\" href=\"http://www.platial.com\"><img src=\"http://media.geocommons.com/platial/images/logotype_small.jpg\"></a>","id":"a6l1z2hzulli"},"type":"Feature","geometry":{"type":"Point","coordinates":[-112.111074,33.588267]}},{"properties":{"name":"Datum Management Incorporated","description":"Posted by Yahoolocal8240 Se 67th St, Mercer Island, WADatum Management Incorporated (206) 236-5272<a title=\"Built for Community Mapping\" href=\"http://www.platial.com\"><img src=\"http://media.geocommons.com/platial/images/logotype_small.jpg\"></a>","id":"a6l1z2d12lkc"},"type":"Feature","geometry":{"type":"Point","coordinates":[-122.228201,47.542862]}},{"properties":{"name":"Datum Point","description":"Posted by Yahoolocal1275 Simpson Way, Escondido, CADatum Point (760) 489-2955<a title=\"Built for Community Mapping\" href=\"http://www.platial.com\"><img src=\"http://media.geocommons.com/platial/images/logotype_small.jpg\"></a>","id":"a6l1z2muvu0o"},"type":"Feature","geometry":{"type":"Point","coordinates":[-117.104804,33.1208]}},{"properties":{"name":"Datum Tool Svc Incorporated","description":"Posted by Yahoolocal4249 Westroads Dr, West Palm Beach, FLDatum Tool Svc Incorporated (561) 848-2416<a title=\"Built for Community Mapping\" href=\"http://www.platial.com\"><img src=\"http://media.geocommons.com/platial/images/logotype_small.jpg\"></a>","id":"a6l1z2cecccf"},"type":"Feature","geometry":{"type":"Point","coordinates":[-80.105183,26.773317]}},{"properties":{"name":"Datum Tooling Incorporated","description":"Posted by Yahoolocal24900 Avenue Kearny, Valencia, CADatum Tooling Incorporated (661) 775-9220<a title=\"Built for Community Mapping\" href=\"http://www.platial.com\"><img src=\"http://media.geocommons.com/platial/images/logotype_small.jpg\"></a>","id":"a6l1z2mw2otq"},"type":"Feature","geometry":{"type":"Point","coordinates":[-118.567488,34.437365]}},{"properties":{"name":"Deluxe Data Printers Incorporated","description":"Posted by Yahoolocal27101 Northline Rd, Taylor, MIDeluxe Data Printers Incorporated (734) 941-4100<a title=\"Built for Community Mapping\" href=\"http://www.platial.com\"><img src=\"http://media.geocommons.com/platial/images/logotype_small.jpg\"></a>","id":"a6l1z2bq3t6t"},"type":"Feature","geometry":{"type":"Point","coordinates":[-83.30348,42.210715]}},{"properties":{"name":"Desi Data Entry Service","description":"Posted by Yahoolocal917 Alhambra Ave, #C, Martinez, CADesi Data Entry Service (925) 370-1751<a title=\"Built for Community Mapping\" href=\"http://www.platial.com\"><img src=\"http://media.geocommons.com/platial/images/logotype_small.jpg\"></a>","id":"a6l1z2pubn8w"},"type":"Feature","geometry":{"type":"Point","coordinates":[-122.137006,38.015194]}},{"properties":{"name":"Design Data Systems Incorporated","description":"Posted by Yahoolocal7606 Lindbergh Dr, Gaithersburg, MDDesign Data Systems Incorporated (301) 921-6696<a title=\"Built for Community Mapping\" href=\"http://www.platial.com\"><img src=\"http://media.geocommons.com/platial/images/logotype_small.jpg\"></a>","id":"a6l1z2c5pgsc"},"type":"Feature","geometry":{"type":"Point","coordinates":[-77.153169,39.166077]}},{"properties":{"name":"Digi-Data Corporation","description":"Posted by Yahoolocal8920 Md-108, Columbia, MDDigi-Data Corporation (410) 730-6880<a title=\"Built for Community Mapping\" href=\"http://www.platial.com\"><img src=\"http://media.geocommons.com/platial/images/logotype_small.jpg\"></a>","id":"a6l1z2psjmnu"},"type":"Feature","geometry":{"type":"Point","coordinates":[-76.821351,39.226862]}},{"properties":{"name":"Digital Adagio","description":"Posted by Yahoolocal, Antioch, CADigital Adagio (925) 706-8118<a title=\"Built for Community Mapping\" href=\"http://www.platial.com\"><img src=\"http://media.geocommons.com/platial/images/logotype_small.jpg\"></a>","id":"a6l1z2jfzzbp"},"type":"Feature","geometry":{"type":"Point","coordinates":[-121.805438,37.981064]}},{"properties":{"name":"Digital Realm Customer Data","description":"Posted by Yahoolocal1245 Astor Ave, Ann Arbor, MIDigital Realm Customer Data (734) 222-4058<a title=\"Built for Community Mapping\" href=\"http://www.platial.com\"><img src=\"http://media.geocommons.com/platial/images/logotype_small.jpg\"></a>","id":"a6l1z2k6ihsw"},"type":"Feature","geometry":{"type":"Point","coordinates":[-83.734535,42.256922]}},{"properties":{"name":"Discovery Data Systems Incorporated","description":"Posted by Yahoolocal12572 Westmont Dr, Moorpark, CADiscovery Data Systems Incorporated (805) 529-1325<a title=\"Built for Community Mapping\" href=\"http://www.platial.com\"><img src=\"http://media.geocommons.com/platial/images/logotype_small.jpg\"></a>","id":"a6l1z2lmfkn0"},"type":"Feature","geometry":{"type":"Point","coordinates":[-118.887232,34.265804]}},{"properties":{"name":"Donovan Data Systems","description":"Posted by Yahoolocal12100 Wilshire Blvd Ste 1000, Los Angeles, CADonovan Data Systems (310) 571-0580<a title=\"Built for Community Mapping\" href=\"http://www.platial.com\"><img src=\"http://media.geocommons.com/platial/images/logotype_small.jpg\"></a>","id":"a6l1z2olm9z8"},"type":"Feature","geometry":{"type":"Point","coordinates":[-118.467493,34.044093]}},{"properties":{"name":"East West Data","description":"Posted by Yahoolocal125 Claremont Blvd, San Francisco, CAEast West Data (415) 759-2030<a title=\"Built for Community Mapping\" href=\"http://www.platial.com\"><img src=\"http://media.geocommons.com/platial/images/logotype_small.jpg\"></a>","id":"a6l1z2q64z2l"},"type":"Feature","geometry":{"type":"Point","coordinates":[-122.463856,37.742813]}},{"properties":{"name":"Effective Data Solutions","description":"Posted by Yahoolocal6759 Trevino Dr, Moorpark, CAEffective Data Solutions (805) 523-7000<a title=\"Built for Community Mapping\" href=\"http://www.platial.com\"><img src=\"http://media.geocommons.com/platial/images/logotype_small.jpg\"></a>","id":"a6l1z2mhksuc"},"type":"Feature","geometry":{"type":"Point","coordinates":[-118.91266,34.298202]}},{"properties":{"name":"Electronic Data Association Limited","description":"Posted by Yahoolocal7595 Rickenbacker Dr, Gaithersburg, MDElectronic Data Association Limited (301) 330-6330<a title=\"Built for Community Mapping\" href=\"http://www.platial.com\"><img src=\"http://media.geocommons.com/platial/images/logotype_small.jpg\"></a>","id":"a6l1z2c708f9"},"type":"Feature","geometry":{"type":"Point","coordinates":[-77.156156,39.173416]}},{"properties":{"name":"Emr Data Stor","description":"Posted by YahoolocalPo Box 16163, San Francisco, CAEmr Data Stor (415) 665-8889<a title=\"Built for Community Mapping\" href=\"http://www.platial.com\"><img src=\"http://media.geocommons.com/platial/images/logotype_small.jpg\"></a>","id":"a6l1z2lrerwj"},"type":"Feature","geometry":{"type":"Point","coordinates":[-122.419204,37.775196]}},{"properties":{"name":"Ess Data Recover Incorporated","description":"Posted by Yahoolocal1241 Quarry Ln, #115, Pleasanton, CAEss Data Recover Incorporated (925) 600-9800<a title=\"Built for Community Mapping\" href=\"http://www.platial.com\"><img src=\"http://media.geocommons.com/platial/images/logotype_small.jpg\"></a>","id":"a6l1z2jw74o9"},"type":"Feature","geometry":{"type":"Point","coordinates":[-121.865667,37.674029]}},{"properties":{"name":"Express Data Source","description":"Posted by Yahoolocal2856 E Castle Pines Ter, Dublin, CAExpress Data Source (925) 560-1128<a title=\"Built for Community Mapping\" href=\"http://www.platial.com\"><img src=\"http://media.geocommons.com/platial/images/logotype_small.jpg\"></a>","id":"a6l1z2lzdmv0"},"type":"Feature","geometry":{"type":"Point","coordinates":[-121.85395,37.722548]}},{"properties":{"name":"Farrington Data Systems","description":"Posted by Yahoolocal27780 Novi Rd, #250, Novi, MIFarrington Data Systems (248) 735-8675<a title=\"Built for Community Mapping\" href=\"http://www.platial.com\"><img src=\"http://media.geocommons.com/platial/images/logotype_small.jpg\"></a>","id":"a6l1z2kbm59s"},"type":"Feature","geometry":{"type":"Point","coordinates":[-83.476092,42.492694]}},{"properties":{"name":"Financial Equipment and Data Corporation","description":"Posted by Yahoolocal400 Greenwich Ave, Goshen, NYFinancial Equipment and Data Corporation <a title=\"Built for Community Mapping\" href=\"http://www.platial.com\"><img src=\"http://media.geocommons.com/platial/images/logotype_small.jpg\"></a>","id":"a6l1z2dbsp8u"},"type":"Feature","geometry":{"type":"Point","coordinates":[-74.331949,41.396194]}},{"properties":{"name":"First Federal Financial","description":"Posted by Yahoolocal5152 N Commerce Ave, Moorpark, CAFirst Federal Financial (805) 530-3524<a title=\"Built for Community Mapping\" href=\"http://www.platial.com\"><img src=\"http://media.geocommons.com/platial/images/logotype_small.jpg\"></a>","id":"a6l1z2gvklwb"},"type":"Feature","geometry":{"type":"Point","coordinates":[-118.898919,34.280813]}},{"properties":{"name":"Foglight Data Consulting","description":"Posted by Yahoolocal, Oakland, CAFoglight Data Consulting (510) 547-7250<a title=\"Built for Community Mapping\" href=\"http://www.platial.com\"><img src=\"http://media.geocommons.com/platial/images/logotype_small.jpg\"></a>","id":"a6l1z2gfw92g"},"type":"Feature","geometry":{"type":"Point","coordinates":[-122.214897,37.772323]}},{"properties":{"name":"Genesis Data Incorporated","description":"Posted by Yahoolocal433 Callan Ave Ste 101, San Leandro, CAGenesis Data Incorporated (510) 352-4600<a title=\"Built for Community Mapping\" href=\"http://www.platial.com\"><img src=\"http://media.geocommons.com/platial/images/logotype_small.jpg\"></a>","id":"a6l1z2lq8wbr"},"type":"Feature","geometry":{"type":"Point","coordinates":[-122.152226,37.72697]}},{"properties":{"name":"Geo Datum Incorporated","description":"Posted by Yahoolocal1505 Nw Mall St, Issaquah, WAGeo Datum Incorporated (425) 837-8083<a title=\"Built for Community Mapping\" href=\"http://www.platial.com\"><img src=\"http://media.geocommons.com/platial/images/logotype_small.jpg\"></a>","id":"a6l1z2lwe8sk"},"type":"Feature","geometry":{"type":"Point","coordinates":[-122.060115,47.544385]}},{"properties":{"name":"Gilwyn Data Services","description":"Posted by Yahoolocal34 Sudden Valley Dr Se, Bellingham, WAGilwyn Data Services (360) 733-2822<a title=\"Built for Community Mapping\" href=\"http://www.platial.com\"><img src=\"http://media.geocommons.com/platial/images/logotype_small.jpg\"></a>","id":"a6l1z2orrmws"},"type":"Feature","geometry":{"type":"Point","coordinates":[-122.318472,48.714316]}},{"properties":{"name":"Globe Wireless","description":"Posted by Yahoolocal1 Meyn Rd, Half Moon Bay, CAGlobe Wireless (650) 726-6588<a title=\"Built for Community Mapping\" href=\"http://www.platial.com\"><img src=\"http://media.geocommons.com/platial/images/logotype_small.jpg\"></a>","id":"a6l1z2m0di4x"},"type":"Feature","geometry":{"type":"Point","coordinates":[-122.412566,37.38497]}},{"properties":{"name":"Goshen Mobil","description":"Posted by Yahoolocal399 Greenwich Ave, Goshen, NYGoshen Mobil (845) 294-1557<a title=\"Built for Community Mapping\" href=\"http://www.platial.com\"><img src=\"http://media.geocommons.com/platial/images/logotype_small.jpg\"></a>","id":"a6l1z2b3gzvi"},"type":"Feature","geometry":{"type":"Point","coordinates":[-74.33242,41.395932]}},{"properties":{"name":"Great Lakes Customs Brkg Incorporated","description":"Posted by Yahoolocal100 Walnut St, Champlain, NYGreat Lakes Customs Brkg Incorporated (518) 298-5444<a title=\"Built for Community Mapping\" href=\"http://www.platial.com\"><img src=\"http://media.geocommons.com/platial/images/logotype_small.jpg\"></a>","id":"a6l1z2csgc0z"},"type":"Feature","geometry":{"type":"Point","coordinates":[-73.434547,44.986136]}},{"properties":{"name":"Green, Geoff - Green Team","description":"Posted by Yahoolocal255 Greenwich Ave, Goshen, NYGreen, Geoff - Green Team (845) 294-7730<a title=\"Built for Community Mapping\" href=\"http://www.platial.com\"><img src=\"http://media.geocommons.com/platial/images/logotype_small.jpg\"></a>","id":"a6l1z2j8nxq6"},"type":"Feature","geometry":{"type":"Point","coordinates":[-74.329754,41.397331]}},{"properties":{"name":"Greenline Data Incorporated","description":"Posted by Yahoolocal40 W Cochran St, #212, Simi Valley, CAGreenline Data Incorporated (805) 379-5999<a title=\"Built for Community Mapping\" href=\"http://www.platial.com\"><img src=\"http://media.geocommons.com/platial/images/logotype_small.jpg\"></a>","id":"a6l1z2bl701z"},"type":"Feature","geometry":{"type":"Point","coordinates":[-118.800306,34.283633]}},{"properties":{"name":"Greenview Data Incorporated","description":"Posted by Yahoolocal58 Parkland Plz, Ann Arbor, MIGreenview Data Incorporated (734) 389-0151<a title=\"Built for Community Mapping\" href=\"http://www.platial.com\"><img src=\"http://media.geocommons.com/platial/images/logotype_small.jpg\"></a>","id":"a6l1z2l3lc1p"},"type":"Feature","geometry":{"type":"Point","coordinates":[-83.813385,42.283814]}},{"properties":{"name":"Hana Data Solutions Inc USA","description":"Posted by Yahoolocal7777 Leesburg Pike, Falls Church, VAHana Data Solutions Inc USA (703) 790-4670<a title=\"Built for Community Mapping\" href=\"http://www.platial.com\"><img src=\"http://media.geocommons.com/platial/images/logotype_small.jpg\"></a>","id":"a6l1z2eg2hk6"},"type":"Feature","geometry":{"type":"Point","coordinates":[-77.213005,38.907949]}},{"properties":{"name":"Harold Lott Wells Fargo Reverse Mortgages","description":"Posted by Yahoolocal, Half Moon Bay, CAHarold Lott Wells Fargo Reverse Mortgages (408) 723-6619<a title=\"Built for Community Mapping\" href=\"http://www.platial.com\"><img src=\"http://media.geocommons.com/platial/images/logotype_small.jpg\"></a>","id":"a6l1z2m4z765"},"type":"Feature","geometry":{"type":"Point","coordinates":[-122.433822,37.469987]}},{"properties":{"name":"Heim Data System Incorporated","description":"Posted by Yahoolocal1200 N Old Us-23, Hartland Twp, MIHeim Data System Incorporated (810) 632-9102<a title=\"Built for Community Mapping\" href=\"http://www.platial.com\"><img src=\"http://media.geocommons.com/platial/images/logotype_small.jpg\"></a>","id":"a6l1z2b09f5r"},"type":"Feature","geometry":{"type":"Point","coordinates":[-83.759225,42.519889]}},{"properties":{"name":"Henry, Mike Owner - Print Club","description":"Posted by Yahoolocal1719 Alhambra Dr, Antioch, CAHenry, Mike Owner - Print Club (925) 754-8771<a title=\"Built for Community Mapping\" href=\"http://www.platial.com\"><img src=\"http://media.geocommons.com/platial/images/logotype_small.jpg\"></a>","id":"a6l1z2hhbz2p"},"type":"Feature","geometry":{"type":"Point","coordinates":[-121.793888,38.005409]}},{"properties":{"name":"Hibbert Maritime Services","description":"Posted by Yahoolocal1127 Galvez Dr, Pacifica, CAHibbert Maritime Services (650) 738-2061<a title=\"Built for Community Mapping\" href=\"http://www.platial.com\"><img src=\"http://media.geocommons.com/platial/images/logotype_small.jpg\"></a>","id":"a6l1z2odp2g3"},"type":"Feature","geometry":{"type":"Point","coordinates":[-122.492237,37.58401]}},{"properties":{"name":"Hitachi Data Systems","description":"Posted by Yahoolocal4120 Dublin Blvd, Dublin, CAHitachi Data Systems (925) 557-2400<a title=\"Built for Community Mapping\" href=\"http://www.platial.com\"><img src=\"http://media.geocommons.com/platial/images/logotype_small.jpg\"></a>","id":"a6l1z2oeen5j"},"type":"Feature","geometry":{"type":"Point","coordinates":[-121.874499,37.705538]}},{"properties":{"name":"Hitachi Data Systems","description":"Posted by Yahoolocal3015 112th Ave Ne, #210, Bellevue, WAHitachi Data Systems (425) 739-9301<a title=\"Built for Community Mapping\" href=\"http://www.platial.com\"><img src=\"http://media.geocommons.com/platial/images/logotype_small.jpg\"></a>","id":"a6l1z2crc7oo"},"type":"Feature","geometry":{"type":"Point","coordinates":[-122.19571,47.638517]}},{"properties":{"name":"Hooper, Jeff - Data Funds Incorporated","description":"Posted by Yahoolocal314 24th Ave, San Francisco, CAHooper, Jeff - Data Funds Incorporated (415) 751-5821<a title=\"Built for Community Mapping\" href=\"http://www.platial.com\"><img src=\"http://media.geocommons.com/platial/images/logotype_small.jpg\"></a>","id":"a6l1z2dvus89"},"type":"Feature","geometry":{"type":"Point","coordinates":[-122.483954,37.783676]}},{"properties":{"name":"I Donor Data Com","description":"Posted by Yahoolocal1300 Mercantile Ln, Largo, MDI Donor Data Com (301) 583-0308<a title=\"Built for Community Mapping\" href=\"http://www.platial.com\"><img src=\"http://media.geocommons.com/platial/images/logotype_small.jpg\"></a>","id":"a6l1z2khmwsl"},"type":"Feature","geometry":{"type":"Point","coordinates":[-76.837278,38.907165]}},{"properties":{"name":"I-Data Professional Service","description":"Posted by Yahoolocal7596 Wheaton Dr, Canton, MII-Data Professional Service (734) 354-4240<a title=\"Built for Community Mapping\" href=\"http://www.platial.com\"><img src=\"http://media.geocommons.com/platial/images/logotype_small.jpg\"></a>","id":"a6l1z2ehphrz"},"type":"Feature","geometry":{"type":"Point","coordinates":[-83.482008,42.340705]}},{"properties":{"name":"Ida Intl Data Automation Limited","description":"Posted by Yahoolocal11108 Ophir Dr, Los Angeles, CAIda Intl Data Automation Limited (310) 476-0167<a title=\"Built for Community Mapping\" href=\"http://www.platial.com\"><img src=\"http://media.geocommons.com/platial/images/logotype_small.jpg\"></a>","id":"a6l1z2fiisc5"},"type":"Feature","geometry":{"type":"Point","coordinates":[-118.455319,34.068965]}},{"properties":{"name":"Integrity Data Service","description":"Posted by Yahoolocal185 Evelyn Cir, Vallejo, CAIntegrity Data Service (707) 649-0456<a title=\"Built for Community Mapping\" href=\"http://www.platial.com\"><img src=\"http://media.geocommons.com/platial/images/logotype_small.jpg\"></a>","id":"a6l1z2exslb5"},"type":"Feature","geometry":{"type":"Point","coordinates":[-122.236973,38.149232]}},{"properties":{"name":"International Data Corporation","description":"Posted by Yahoolocal7600 Leesburg Pike, Falls Church, VAInternational Data Corporation (703) 485-8300<a title=\"Built for Community Mapping\" href=\"http://www.platial.com\"><img src=\"http://media.geocommons.com/platial/images/logotype_small.jpg\"></a>","id":"a6l1z2c982x1"},"type":"Feature","geometry":{"type":"Point","coordinates":[-77.18994,38.894458]}},{"properties":{"name":"Intertec Data Entry Service","description":"Posted by Yahoolocal150 Grant Ave, Palo Alto, CAIntertec Data Entry Service (650) 326-8900<a title=\"Built for Community Mapping\" href=\"http://www.platial.com\"><img src=\"http://media.geocommons.com/platial/images/logotype_small.jpg\"></a>","id":"a6l1z2p4604i"},"type":"Feature","geometry":{"type":"Point","coordinates":[-122.141198,37.42767]}},{"properties":{"name":"Iron Mountain Off-Site Data","description":"Posted by Yahoolocal31155 S Wixom Rd, Wixom, MIIron Mountain Off-Site Data (248) 624-7335<a title=\"Built for Community Mapping\" href=\"http://www.platial.com\"><img src=\"http://media.geocommons.com/platial/images/logotype_small.jpg\"></a>","id":"a6l1z2jryl5k"},"type":"Feature","geometry":{"type":"Point","coordinates":[-83.537799,42.522475]}},{"properties":{"name":"Karle Data Processing","description":"Posted by Yahoolocal3181 Packard St, Ann Arbor, MIKarle Data Processing (734) 525-1050<a title=\"Built for Community Mapping\" href=\"http://www.platial.com\"><img src=\"http://media.geocommons.com/platial/images/logotype_small.jpg\"></a>","id":"a6l1z2ij0xtt"},"type":"Feature","geometry":{"type":"Point","coordinates":[-83.696713,42.245124]}},{"properties":{"name":"Kelly Software","description":"Posted by Yahoolocal8 Flagship Ct, Savannah, GAKelly Software (912) 898-9977<a title=\"Built for Community Mapping\" href=\"http://www.platial.com\"><img src=\"http://media.geocommons.com/platial/images/logotype_small.jpg\"></a>","id":"a6l1z2f477nm"},"type":"Feature","geometry":{"type":"Point","coordinates":[-80.995311,32.037541]}},{"properties":{"name":"Knox Data Incorporated","description":"Posted by Yahoolocal28832 Deodar Pl, Santa Clarita, CAKnox Data Incorporated (661) 296-4698<a title=\"Built for Community Mapping\" href=\"http://www.platial.com\"><img src=\"http://media.geocommons.com/platial/images/logotype_small.jpg\"></a>","id":"a6l1z2l3wmgn"},"type":"Feature","geometry":{"type":"Point","coordinates":[-118.530345,34.47304]}},{"properties":{"name":"Livingston Data Service","description":"Posted by Yahoolocal3101 E Grand River Ave, Howell, MILivingston Data Service (517) 548-2420<a title=\"Built for Community Mapping\" href=\"http://www.platial.com\"><img src=\"http://media.geocommons.com/platial/images/logotype_small.jpg\"></a>","id":"a6l1z2n2q8p2"},"type":"Feature","geometry":{"type":"Point","coordinates":[-83.893345,42.593789]}},{"properties":{"name":"Lmc Data","description":"Posted by Yahoolocal3101 Scott St, #101, San Francisco, CALmc Data (415) 371-8700<a title=\"Built for Community Mapping\" href=\"http://www.platial.com\"><img src=\"http://media.geocommons.com/platial/images/logotype_small.jpg\"></a>","id":"a6l1z2kibtmq"},"type":"Feature","geometry":{"type":"Point","coordinates":[-122.440787,37.798373]}},{"properties":{"name":"Logical Data Incorporated","description":"Posted by Yahoolocal8286 Spring Leaf Ct, Vienna, VALogical Data Incorporated (703) 790-9899<a title=\"Built for Community Mapping\" href=\"http://www.platial.com\"><img src=\"http://media.geocommons.com/platial/images/logotype_small.jpg\"></a>","id":"a6l1z2f2c65j"},"type":"Feature","geometry":{"type":"Point","coordinates":[-77.23132,38.909449]}},{"properties":{"name":"Magnum Data","description":"Posted by Yahoolocal24911 Avenue Stanford # 120, Valencia, CAMagnum Data (661) 775-0880<a title=\"Built for Community Mapping\" href=\"http://www.platial.com\"><img src=\"http://media.geocommons.com/platial/images/logotype_small.jpg\"></a>","id":"a6l1z2lccg1q"},"type":"Feature","geometry":{"type":"Point","coordinates":[-118.589969,34.435438]}},{"properties":{"name":"Manufacturing Data Systems Incorporated","description":"Posted by Yahoolocal220 E Huron St, Ann Arbor, MIManufacturing Data Systems Incorporated (734) 769-9000<a title=\"Built for Community Mapping\" href=\"http://www.platial.com\"><img src=\"http://media.geocommons.com/platial/images/logotype_small.jpg\"></a>","id":"a6l1z2bktvu1"},"type":"Feature","geometry":{"type":"Point","coordinates":[-83.746967,42.281354]}},{"properties":{"name":"Marconi Data Systems","description":"Posted by Yahoolocal2994 Marlboro Way, San Ramon, CAMarconi Data Systems (925) 829-9073<a title=\"Built for Community Mapping\" href=\"http://www.platial.com\"><img src=\"http://media.geocommons.com/platial/images/logotype_small.jpg\"></a>","id":"a6l1z2oczvkb"},"type":"Feature","geometry":{"type":"Point","coordinates":[-121.951243,37.751251]}},{"properties":{"name":"Marks Traffic Data Service","description":"Posted by Yahoolocal1147 Morello Ct, Martinez, CAMarks Traffic Data Service (925) 210-0625<a title=\"Built for Community Mapping\" href=\"http://www.platial.com\"><img src=\"http://media.geocommons.com/platial/images/logotype_small.jpg\"></a>","id":"a6l1z2nspdfj"},"type":"Feature","geometry":{"type":"Point","coordinates":[-122.10276,37.989348]}},{"properties":{"name":"Martin Multimedia US","description":"Posted by Yahoolocal, Clinton, NYMartin Multimedia US (315) 381-5410<a title=\"Built for Community Mapping\" href=\"http://www.platial.com\"><img src=\"http://media.geocommons.com/platial/images/logotype_small.jpg\"></a>","id":"a6l1z2fcca0v"},"type":"Feature","geometry":{"type":"Point","coordinates":[-75.378535,43.049907]}},{"properties":{"name":"Menlo Park City Data Process","description":"Posted by Yahoolocal<img src=\"http://media.geocommons.com/platial/images/categories/ICON_nature_verD.gif\"> 701 Laurel St, Menlo Park, CAMenlo Park City Data Process (650) 330-6654<a title=\"Built for Community Mapping\" href=\"http://www.platial.com\"><img src=\"http://media.geocommons.com/platial/images/logotype_small.jpg\"></a>","id":"a6l1z2gxpel5"},"type":"Feature","geometry":{"type":"Point","coordinates":[-122.177918,37.454692]}},{"properties":{"name":"Menlo Park Data Processing","description":"Posted by Yahoolocal<img src=\"http://media.geocommons.com/platial/images/categories/ICON_nature_verD.gif\"> 701 Laurel St, Menlo Park, CAMenlo Park Data Processing (650) 858-3435<a title=\"Built for Community Mapping\" href=\"http://www.platial.com\"><img src=\"http://media.geocommons.com/platial/images/logotype_small.jpg\"></a>","id":"a6l1z2ed14g7"},"type":"Feature","geometry":{"type":"Point","coordinates":[-122.177918,37.454692]}},{"properties":{"name":"Michael Blatt Incorporated","description":"Posted by Yahoolocal606 Sespe Ave Ste 203, Fillmore, CAMichael Blatt Incorporated (805) 524-6845<a title=\"Built for Community Mapping\" href=\"http://www.platial.com\"><img src=\"http://media.geocommons.com/platial/images/logotype_small.jpg\"></a>","id":"a6l1z2ascqbu"},"type":"Feature","geometry":{"type":"Point","coordinates":[-118.916615,34.400286]}},{"properties":{"name":"Michigan Data Supply Incorporated","description":"Posted by Yahoolocal3174 Old Farm Ln, Commerce Twp, MIMichigan Data Supply Incorporated (248) 926-1462<a title=\"Built for Community Mapping\" href=\"http://www.platial.com\"><img src=\"http://media.geocommons.com/platial/images/logotype_small.jpg\"></a>","id":"a6l1z2nlmsoc"},"type":"Feature","geometry":{"type":"Point","coordinates":[-83.442962,42.568478]}},{"properties":{"name":"Mobil Oil","description":"Posted by Yahoolocal3 Spiegel Dr, Champlain, NYMobil Oil (518) 298-4400<a title=\"Built for Community Mapping\" href=\"http://www.platial.com\"><img src=\"http://media.geocommons.com/platial/images/logotype_small.jpg\"></a>","id":"a6l1z2hh1cqs"},"type":"Feature","geometry":{"type":"Point","coordinates":[-73.454756,44.980812]}},{"properties":{"name":"National Black Data Processing","description":"Posted by Yahoolocal9315 Largo Dr W, Upper Marlboro, MDNational Black Data Processing (301) 350-0001<a title=\"Built for Community Mapping\" href=\"http://www.platial.com\"><img src=\"http://media.geocommons.com/platial/images/logotype_small.jpg\"></a>","id":"a6l1z2pfybk4"},"type":"Feature","geometry":{"type":"Point","coordinates":[-76.840259,38.895767]}},{"properties":{"name":"Norman G Jensen Incorporated","description":"Posted by Yahoolocal102 W Service Rd, Champlain, NYNorman G Jensen Incorporated (518) 298-3644<a title=\"Built for Community Mapping\" href=\"http://www.platial.com\"><img src=\"http://media.geocommons.com/platial/images/logotype_small.jpg\"></a>","id":"a6l1z2bdsj6o"},"type":"Feature","geometry":{"type":"Point","coordinates":[-73.456821,44.99821]}},{"properties":{"name":"Omni Data","description":"Posted by Yahoolocal2500 Townsgate Rd Ste I, Westlake Village, CAOmni Data (805) 371-4400<a title=\"Built for Community Mapping\" href=\"http://www.platial.com\"><img src=\"http://media.geocommons.com/platial/images/logotype_small.jpg\"></a>","id":"a6l1z2nfkdkj"},"type":"Feature","geometry":{"type":"Point","coordinates":[-118.83002,34.158134]}},{"properties":{"name":"Online Data Solutions Incorporated","description":"Posted by Yahoolocal1400 Mercantile Ln, Upper Marlboro, MDOnline Data Solutions Incorporated (301) 322-6881<a title=\"Built for Community Mapping\" href=\"http://www.platial.com\"><img src=\"http://media.geocommons.com/platial/images/logotype_small.jpg\"></a>","id":"a6l1z2o4c4lo"},"type":"Feature","geometry":{"type":"Point","coordinates":[-76.837145,38.90836]}},{"properties":{"name":"Paige Data Management","description":"Posted by Yahoolocal1201 Cornwall Ave, #103, Bellingham, WAPaige Data Management (360) 647-4370<a title=\"Built for Community Mapping\" href=\"http://www.platial.com\"><img src=\"http://media.geocommons.com/platial/images/logotype_small.jpg\"></a>","id":"a6l1z2n66jdi"},"type":"Feature","geometry":{"type":"Point","coordinates":[-122.482146,48.74773]}},{"properties":{"name":"Palo Alto Data Processing","description":"Posted by Yahoolocal250 Hamilton Ave, Palo Alto, CAPalo Alto Data Processing (650) 329-2183<a title=\"Built for Community Mapping\" href=\"http://www.platial.com\"><img src=\"http://media.geocommons.com/platial/images/logotype_small.jpg\"></a>","id":"a6l1z2o2wtpg"},"type":"Feature","geometry":{"type":"Point","coordinates":[-122.160921,37.444524]}},{"properties":{"name":"Parts Data Stream, LLC","description":"Posted by Yahoolocal4522-Avondale Cir, Fairfield, CAParts Data Stream, LLC (925) 648-4036<a title=\"Built for Community Mapping\" href=\"http://www.platial.com\"><img src=\"http://media.geocommons.com/platial/images/logotype_small.jpg\"></a>","id":"a6l1z2ccd42w"},"type":"Feature","geometry":{"type":"Point","coordinates":[-122.02455,38.301012]}},{"properties":{"name":"Physician Data Svc Incorporated","description":"Posted by Yahoolocal<img src=\"http://media.geocommons.com/platial/images/categories/ICON_health_verD.gif\"> 7240 N Haggerty Rd, Canton, MIPhysician Data Svc Incorporated (734) 737-0970<a title=\"Built for Community Mapping\" href=\"http://www.platial.com\"><img src=\"http://media.geocommons.com/platial/images/logotype_small.jpg\"></a>","id":"a6l1z2h0tc0v"},"type":"Feature","geometry":{"type":"Point","coordinates":[-83.444501,42.336506]}},{"properties":{"name":"Pizza Hut","description":"Posted by Yahoolocal1 Matthews St, Goshen, NYPizza Hut (845) 294-2777<a title=\"Built for Community Mapping\" href=\"http://www.platial.com\"><img src=\"http://media.geocommons.com/platial/images/logotype_small.jpg\"></a>","id":"a6l1z2nt0rda"},"type":"Feature","geometry":{"type":"Point","coordinates":[-74.338654,41.398297]}},{"properties":{"name":"Pizza Hut","description":"Posted by Yahoolocal4717 Us Highway 80 E Unit G, Savannah, GAPizza Hut (912) 898-1213<a title=\"Built for Community Mapping\" href=\"http://www.platial.com\"><img src=\"http://media.geocommons.com/platial/images/logotype_small.jpg\"></a>","id":"a6l1z2mlwrj1"},"type":"Feature","geometry":{"type":"Point","coordinates":[-81.009389,32.043212]}},{"properties":{"name":"Planet Communications Incorporated","description":"Posted by Yahoolocal6719 Golf Club Rd, Howell, MIPlanet Communications Incorporated (517) 540-9900<a title=\"Built for Community Mapping\" href=\"http://www.platial.com\"><img src=\"http://media.geocommons.com/platial/images/logotype_small.jpg\"></a>","id":"a6l1z2qy76dw"},"type":"Feature","geometry":{"type":"Point","coordinates":[-83.821204,42.601539]}},{"properties":{"name":"Postal Data Svc Incorporated","description":"Posted by Yahoolocal29397 Agoura Rd, #101, Agoura Hills, CAPostal Data Svc Incorporated (818) 706-3282<a title=\"Built for Community Mapping\" href=\"http://www.platial.com\"><img src=\"http://media.geocommons.com/platial/images/logotype_small.jpg\"></a>","id":"a6l1z2gt25hu"},"type":"Feature","geometry":{"type":"Point","coordinates":[-118.766632,34.144311]}},{"properties":{"name":"Prolist Professional Data","description":"Posted by Yahoolocal8341 Beechcraft Ave, Gaithersburg, MDProlist Professional Data (301) 924-4545<a title=\"Built for Community Mapping\" href=\"http://www.platial.com\"><img src=\"http://media.geocommons.com/platial/images/logotype_small.jpg\"></a>","id":"a6l1z2mi1itm"},"type":"Feature","geometry":{"type":"Point","coordinates":[-77.170407,39.168366]}},{"properties":{"name":"Proxy Data Corporation","description":"Posted by Yahoolocal269 Conifer Ter, Danville, CAProxy Data Corporation (925) 964-9354<a title=\"Built for Community Mapping\" href=\"http://www.platial.com\"><img src=\"http://media.geocommons.com/platial/images/logotype_small.jpg\"></a>","id":"a6l1z2ox0q37"},"type":"Feature","geometry":{"type":"Point","coordinates":[-121.909391,37.819259]}},{"properties":{"name":"Qs 1 Data Systems","description":"Posted by Yahoolocal25600 Rye Canyon Rd, Santa Clarita, CAQs 1 Data Systems (661) 775-1866<a title=\"Built for Community Mapping\" href=\"http://www.platial.com\"><img src=\"http://media.geocommons.com/platial/images/logotype_small.jpg\"></a>","id":"a6l1z2qkntwh"},"type":"Feature","geometry":{"type":"Point","coordinates":[-118.584693,34.434117]}},{"properties":{"name":"Randall Data Systems","description":"Posted by Yahoolocal138 E Ann Arbor Trl, Plymouth, MIRandall Data Systems (734) 453-9200<a title=\"Built for Community Mapping\" href=\"http://www.platial.com\"><img src=\"http://media.geocommons.com/platial/images/logotype_small.jpg\"></a>","id":"a6l1z2qzogfs"},"type":"Feature","geometry":{"type":"Point","coordinates":[-83.459735,42.367842]}},{"properties":{"name":"Real Estate Data Appraisal","description":"Posted by Yahoolocal, Piedmont, CAReal Estate Data Appraisal (510) 339-9588<a title=\"Built for Community Mapping\" href=\"http://www.platial.com\"><img src=\"http://media.geocommons.com/platial/images/logotype_small.jpg\"></a>","id":"a6l1z2it2pkg"},"type":"Feature","geometry":{"type":"Point","coordinates":[-122.231291,37.824392]}},{"properties":{"name":"Real Market Data","description":"Posted by Yahoolocal10 Amber Ln, Sequim, WAReal Market Data (360) 582-1313<a title=\"Built for Community Mapping\" href=\"http://www.platial.com\"><img src=\"http://media.geocommons.com/platial/images/logotype_small.jpg\"></a>","id":"a6l1z2os88gs"},"type":"Feature","geometry":{"type":"Point","coordinates":[-123.16667,48.138273]}},{"properties":{"name":"Reece Computer Systems","description":"Posted by Yahoolocal225 Cabrillo Hwy S, Half Moon Bay, CAReece Computer Systems (650) 726-7155<a title=\"Built for Community Mapping\" href=\"http://www.platial.com\"><img src=\"http://media.geocommons.com/platial/images/logotype_small.jpg\"></a>","id":"a6l1z2mliqiw"},"type":"Feature","geometry":{"type":"Point","coordinates":[-122.433832,37.46523]}},{"properties":{"name":"River Delta Wireless","description":"Posted by Yahoolocal210 Main St, Rio Vista, CARiver Delta Wireless (707) 374-3144<a title=\"Built for Community Mapping\" href=\"http://www.platial.com\"><img src=\"http://media.geocommons.com/platial/images/logotype_small.jpg\"></a>","id":"a6l1z2jqspvh"},"type":"Feature","geometry":{"type":"Point","coordinates":[-121.69169,38.156565]}},{"properties":{"name":"Rms Data Incorporated","description":"Posted by Yahoolocal2600 Kitty Hawk Rd, #103, Livermore, CARms Data Incorporated (925) 443-4147<a title=\"Built for Community Mapping\" href=\"http://www.platial.com\"><img src=\"http://media.geocommons.com/platial/images/logotype_small.jpg\"></a>","id":"a6l1z2fdz9tp"},"type":"Feature","geometry":{"type":"Point","coordinates":[-121.813094,37.700579]}},{"properties":{"name":"Rogers Border Walk","description":"Posted by Yahoolocal1038 State Route 11, Champlain, NYRogers Border Walk (518) 298-8438<a title=\"Built for Community Mapping\" href=\"http://www.platial.com\"><img src=\"http://media.geocommons.com/platial/images/logotype_small.jpg\"></a>","id":"a6l1z2k9vk5w"},"type":"Feature","geometry":{"type":"Point","coordinates":[-73.3651,44.993843]}},{"properties":{"name":"Route 11 Truck Stop","description":"Posted by Yahoolocal1049 State Route 11, Champlain, NYRoute 11 Truck Stop (518) 298-4143<a title=\"Built for Community Mapping\" href=\"http://www.platial.com\"><img src=\"http://media.geocommons.com/platial/images/logotype_small.jpg\"></a>","id":"a6l1z2lvafl2"},"type":"Feature","geometry":{"type":"Point","coordinates":[-73.3651,44.993843]}},{"properties":{"name":"San Francisco Data Recovery Labs","description":"Posted by Yahoolocal795 Folsom St, San Francisco, CASan Francisco Data Recovery Labs (800) 347-5377<a title=\"Built for Community Mapping\" href=\"http://www.platial.com\"><img src=\"http://media.geocommons.com/platial/images/logotype_small.jpg\"></a>","id":"a6l1z2f75hfi"},"type":"Feature","geometry":{"type":"Point","coordinates":[-122.401101,37.782114]}},{"properties":{"name":"Sanders Data Systems LLC","description":"Posted by Yahoolocal3980 Bibbits Dr, Palo Alto, CASanders Data Systems LLC (650) 857-0455<a title=\"Built for Community Mapping\" href=\"http://www.platial.com\"><img src=\"http://media.geocommons.com/platial/images/logotype_small.jpg\"></a>","id":"a6l1z2dtjin0"},"type":"Feature","geometry":{"type":"Point","coordinates":[-122.106577,37.42224]}},{"properties":{"name":"Sca Data Systems Incorporated","description":"Posted by Yahoolocal2912 Colorado Ave, Santa Monica, CASca Data Systems Incorporated (310) 315-9930<a title=\"Built for Community Mapping\" href=\"http://www.platial.com\"><img src=\"http://media.geocommons.com/platial/images/logotype_small.jpg\"></a>","id":"a6l1z2lzejmt"},"type":"Feature","geometry":{"type":"Point","coordinates":[-118.468035,34.033183]}},{"properties":{"name":"Sparks Data Company","description":"Posted by Yahoolocal10371 Parshall Rd, Fenton, MISparks Data Company (810) 632-7876<a title=\"Built for Community Mapping\" href=\"http://www.platial.com\"><img src=\"http://media.geocommons.com/platial/images/logotype_small.jpg\"></a>","id":"a6l1z2cjw9ne"},"type":"Feature","geometry":{"type":"Point","coordinates":[-83.753611,42.693329]}},{"properties":{"name":"Starnet Data Design Incorporated","description":"Posted by Yahoolocal2659 Townsgate Rd Ste 227, Westlake Village, CAStarnet Data Design Incorporated (805) 371-0585<a title=\"Built for Community Mapping\" href=\"http://www.platial.com\"><img src=\"http://media.geocommons.com/platial/images/logotype_small.jpg\"></a>","id":"a6l1z2p5szjp"},"type":"Feature","geometry":{"type":"Point","coordinates":[-118.828515,34.155672]}},{"properties":{"name":"Suzanne Prakel Data Entry","description":"Posted by Yahoolocal11150 Santa Monica Blvd, Los Angeles, CASuzanne Prakel Data Entry (310) 474-1626<a title=\"Built for Community Mapping\" href=\"http://www.platial.com\"><img src=\"http://media.geocommons.com/platial/images/logotype_small.jpg\"></a>","id":"a6l1z2f46txm"},"type":"Feature","geometry":{"type":"Point","coordinates":[-118.445214,34.047319]}},{"properties":{"name":"Synergy Data","description":"Posted by Yahoolocal2930 Flood Ave, Redwood City, CASynergy Data (650) 599-9091<a title=\"Built for Community Mapping\" href=\"http://www.platial.com\"><img src=\"http://media.geocommons.com/platial/images/logotype_small.jpg\"></a>","id":"a6l1z2qts8aw"},"type":"Feature","geometry":{"type":"Point","coordinates":[-122.207632,37.475969]}},{"properties":{"name":"Technical Data Analysis Incorporated","description":"Posted by Yahoolocal7600 Leesburg Pike, Falls Church, VATechnical Data Analysis Incorporated (703) 237-1300<a title=\"Built for Community Mapping\" href=\"http://www.platial.com\"><img src=\"http://media.geocommons.com/platial/images/logotype_small.jpg\"></a>","id":"a6l1z2dvdoed"},"type":"Feature","geometry":{"type":"Point","coordinates":[-77.18994,38.894458]}},{"properties":{"name":"Technical Data Services Incorporated","description":"Posted by Yahoolocal201 Ritchie Rd, Ste D, Capitol Heights, MDTechnical Data Services Incorporated (301) 499-3200<a title=\"Built for Community Mapping\" href=\"http://www.platial.com\"><img src=\"http://media.geocommons.com/platial/images/logotype_small.jpg\"></a>","id":"a6l1z2cyfxdz"},"type":"Feature","geometry":{"type":"Point","coordinates":[-76.861294,38.886718]}},{"properties":{"name":"Tek Data Consulting Service","description":"Posted by Yahoolocal, Martinez, CATek Data Consulting Service (925) 370-7122<a title=\"Built for Community Mapping\" href=\"http://www.platial.com\"><img src=\"http://media.geocommons.com/platial/images/logotype_small.jpg\"></a>","id":"a6l1z2grn55b"},"type":"Feature","geometry":{"type":"Point","coordinates":[-122.111218,37.996014]}},{"properties":{"name":"Tellabs Incorporated","description":"Posted by Yahoolocal19 Chico Ct, Pacifica, CATellabs Incorporated (650) 557-0119<a title=\"Built for Community Mapping\" href=\"http://www.platial.com\"><img src=\"http://media.geocommons.com/platial/images/logotype_small.jpg\"></a>","id":"a6l1z2hzte7z"},"type":"Feature","geometry":{"type":"Point","coordinates":[-122.495223,37.59216]}},{"properties":{"name":"Third Base Data","description":"Posted by Yahoolocal2173 Trafalgar Pl, Oakland, CAThird Base Data (510) 530-1248<a title=\"Built for Community Mapping\" href=\"http://www.platial.com\"><img src=\"http://media.geocommons.com/platial/images/logotype_small.jpg\"></a>","id":"a6l1z2cbk2ol"},"type":"Feature","geometry":{"type":"Point","coordinates":[-122.209244,37.82354]}},{"properties":{"name":"Third Wave Data","description":"Posted by Yahoolocal11791 Fingerboard Rd, #C, Monrovia, MDThird Wave Data (301) 831-9892<a title=\"Built for Community Mapping\" href=\"http://www.platial.com\"><img src=\"http://media.geocommons.com/platial/images/logotype_small.jpg\"></a>","id":"a6l1z2l9urzg"},"type":"Feature","geometry":{"type":"Point","coordinates":[-77.254788,39.34386]}},{"properties":{"name":"Timely Data Resources","description":"Posted by Yahoolocal1089 14th St, San Francisco, CATimely Data Resources (415) 431-4405<a title=\"Built for Community Mapping\" href=\"http://www.platial.com\"><img src=\"http://media.geocommons.com/platial/images/logotype_small.jpg\"></a>","id":"a6l1z2bprrj9"},"type":"Feature","geometry":{"type":"Point","coordinates":[-122.438014,37.767222]}},{"properties":{"name":"Total Data Service Incorporated","description":"Posted by Yahoolocal7164 Firwood Dr, Ferndale, WATotal Data Service Incorporated (360) 384-5265<a title=\"Built for Community Mapping\" href=\"http://www.platial.com\"><img src=\"http://media.geocommons.com/platial/images/logotype_small.jpg\"></a>","id":"a6l1z2h7fn7n"},"type":"Feature","geometry":{"type":"Point","coordinates":[-122.586911,48.900889]}},{"properties":{"name":"Touch Down Wireless","description":"Posted by Yahoolocal2121 Loveridge Rd, Pittsburg, CATouch Down Wireless (925) 439-7894<a title=\"Built for Community Mapping\" href=\"http://www.platial.com\"><img src=\"http://media.geocommons.com/platial/images/logotype_small.jpg\"></a>","id":"a6l1z2fjnlt2"},"type":"Feature","geometry":{"type":"Point","coordinates":[-121.867958,38.011224]}},{"properties":{"name":"Touchdown Wireless","description":"Posted by Yahoolocal1852 A St, Antioch, CATouchdown Wireless (925) 777-9875<a title=\"Built for Community Mapping\" href=\"http://www.platial.com\"><img src=\"http://media.geocommons.com/platial/images/logotype_small.jpg\"></a>","id":"a6l1z2f7foly"},"type":"Feature","geometry":{"type":"Point","coordinates":[-121.806004,38.00432]}},{"properties":{"name":"Unity Data","description":"Posted by Yahoolocal10630 Little Patuxent Pky, Columbia, MDUnity Data (410) 772-1400<a title=\"Built for Community Mapping\" href=\"http://www.platial.com\"><img src=\"http://media.geocommons.com/platial/images/logotype_small.jpg\"></a>","id":"a6l1z2gid6xl"},"type":"Feature","geometry":{"type":"Point","coordinates":[-76.871648,39.214163]}},{"properties":{"name":"Unlimited Electronics","description":"Posted by Yahoolocal1601 Marine World Pky, Vallejo, CAUnlimited Electronics (707) 649-1157<a title=\"Built for Community Mapping\" href=\"http://www.platial.com\"><img src=\"http://media.geocommons.com/platial/images/logotype_small.jpg\"></a>","id":"a6l1z2c5eim2"},"type":"Feature","geometry":{"type":"Point","coordinates":[-122.255957,38.137754]}},{"properties":{"name":"Valeskie Data-Word Processing","description":"Posted by Yahoolocal244 American Canyon Rd, #86, American Canyon, CAValeskie Data-Word Processing (707) 642-8570<a title=\"Built for Community Mapping\" href=\"http://www.platial.com\"><img src=\"http://media.geocommons.com/platial/images/logotype_small.jpg\"></a>","id":"a6l1z2pyqg4p"},"type":"Feature","geometry":{"type":"Point","coordinates":[-122.249307,38.165382]}},{"properties":{"name":"Vereen, Alonzo PE - Technical Data Service","description":"Posted by Yahoolocal201 Ritchie Rd, Capitol Heights, MDVereen, Alonzo PE - Technical Data Service (301) 499-3200<a title=\"Built for Community Mapping\" href=\"http://www.platial.com\"><img src=\"http://media.geocommons.com/platial/images/logotype_small.jpg\"></a>","id":"a6l1z2ayksjt"},"type":"Feature","geometry":{"type":"Point","coordinates":[-76.861294,38.886718]}},{"properties":{"name":"Verizon Advanced Data Incorporated","description":"Posted by Yahoolocal121 N Ojai St, Santa Paula, CAVerizon Advanced Data Incorporated (805) 525-8137<a title=\"Built for Community Mapping\" href=\"http://www.platial.com\"><img src=\"http://media.geocommons.com/platial/images/logotype_small.jpg\"></a>","id":"a6l1z2mb75jq"},"type":"Feature","geometry":{"type":"Point","coordinates":[-119.059177,34.354646]}},{"properties":{"name":"Visual Data System","description":"Posted by Yahoolocal10760 Hickory Ridge Rd, #312, Columbia, MDVisual Data System (410) 964-6480<a title=\"Built for Community Mapping\" href=\"http://www.platial.com\"><img src=\"http://media.geocommons.com/platial/images/logotype_small.jpg\"></a>","id":"a6l1z2dt8deq"},"type":"Feature","geometry":{"type":"Point","coordinates":[-76.885555,39.210982]}},{"properties":{"name":"Wayne Data Systems CO Incorporated","description":"Posted by Yahoolocal10014 Burgess Ct, White Lake, MIWayne Data Systems CO Incorporated (248) 698-3761<a title=\"Built for Community Mapping\" href=\"http://www.platial.com\"><img src=\"http://media.geocommons.com/platial/images/logotype_small.jpg\"></a>","id":"a6l1z2cxr2f4"},"type":"Feature","geometry":{"type":"Point","coordinates":[-83.482294,42.635082]}},{"properties":{"name":"Webster Data Communication","description":"Posted by Yahoolocal8550 Lee Hwy, Ste 450, Fairfax, VAWebster Data Communication (703) 573-2544<a title=\"Built for Community Mapping\" href=\"http://www.platial.com\"><img src=\"http://media.geocommons.com/platial/images/logotype_small.jpg\"></a>","id":"a6l1z2ehpsqe"},"type":"Feature","geometry":{"type":"Point","coordinates":[-77.241471,38.873356]}},{"properties":{"name":"West Sound Data Solutions Incorporated","description":"Posted by Yahoolocal30 Ne Conifer Dr, Bremerton, WAWest Sound Data Solutions Incorporated (360) 271-9523<a title=\"Built for Community Mapping\" href=\"http://www.platial.com\"><img src=\"http://media.geocommons.com/platial/images/logotype_small.jpg\"></a>","id":"a6l1z2p5prrb"},"type":"Feature","geometry":{"type":"Point","coordinates":[-122.649867,47.635961]}},{"properties":{"name":"World Air Data","description":"Posted by Yahoolocal7800 Airpark Rd, Ste 22, Gaithersburg, MDWorld Air Data (301) 990-6800<a title=\"Built for Community Mapping\" href=\"http://www.platial.com\"><img src=\"http://media.geocommons.com/platial/images/logotype_small.jpg\"></a>","id":"a6l1z2jov1p2"},"type":"Feature","geometry":{"type":"Point","coordinates":[-77.159355,39.1706]}},{"properties":{"name":"Zabik Data Base Services","description":"Posted by Yahoolocal6517 Buckshore Dr, Hamburg Twp, MIZabik Data Base Services (810) 231-0999<a title=\"Built for Community Mapping\" href=\"http://www.platial.com\"><img src=\"http://media.geocommons.com/platial/images/logotype_small.jpg\"></a>","id":"a6l1z2bmngex"},"type":"Feature","geometry":{"type":"Point","coordinates":[-83.818414,42.461803]}}],"is_temporal":false,"author":{"url":"http://www.platial.com/map/60467","metadata":null,"contact_name":"yahoolocal","contact_address":null,"source":"platial:yahoolocal","contact_phone":null},"source":"http://www.platial.com/map/60467","pagination":{"sort":null,"start":0,"total":226,"limit":1000000},"state":"complete","tags":"platial,platial:id=60467,platial:user=yahoolocal","published":"2010-03-03T17:00:00Z","id":29844}