{"type":"FeatureCollection","data_type":"Dataset","url_type":null,"permissions":[{"permissions":{"download":true,"view":true},"group_id":"everyone"}],"classification":null,"title":"Facebook insights 03.06.2013","count":143,"stream_id":333027,"contributor":{"url":"http://geocommons.com/users/66077","name":"shiyaoyuanhrb"},"data_attributes":null,"calculation_params":null,"icon_link":null,"link":"http://geocommons.com/overlays/333027.json","extent":[-155.447,-47.5,179.5,79.5],"geometry_types":["point"],"unique_name":null,"name":"Facebook insights 03.06.2013","feature_count":143,"description":"","next_feature":null,"is_raster":false,"short_classification":"Y","stats":{"number of visitors":{"max":24,"variance":10.1184871466561,"mean":2.96503496503496,"stdev":3.1809569545431,"min":1,"median":2}},"features":[{"properties":{"city":"Addis Ababa, Addis Abeba, Ethiopia","geo_score":0.714,"number of visitors":2,"id":"acwe8or3uzcq","geo_precision":"zip"},"type":"Feature","geometry":{"type":"Point","coordinates":[-5.51,35.34]}},{"properties":{"city":"Adis Abeba, Addis Abeba, Ethiopia","geo_score":0.714,"number of visitors":3,"id":"acwe8otaata3","geo_precision":"zip"},"type":"Feature","geometry":{"type":"Point","coordinates":[-5.51,35.34]}},{"properties":{"city":"Ahmedabad, Gujarat, India","geo_score":0.714,"number of visitors":2,"id":"acwe8own67kj","geo_precision":"zip"},"type":"Feature","geometry":{"type":"Point","coordinates":[-77.5333333,1.2166667]}},{"properties":{"city":"Alexandria, Al Iskandariyah, Egypt","geo_score":0.714,"number of visitors":2,"id":"acwe8or8iruw","geo_precision":"zip"},"type":"Feature","geometry":{"type":"Point","coordinates":[50.516389,26.161944]}},{"properties":{"city":"Alexandria, VA","geo_score":0.714,"number of visitors":1,"id":"acwe8ovuuu54","geo_precision":"zip"},"type":"Feature","geometry":{"type":"Point","coordinates":[14.2833333,-12.7666667]}},{"properties":{"city":"Algiers, Alger, Algeria","geo_score":0.714,"number of visitors":3,"id":"acwe8orllwat","geo_precision":"zip"},"type":"Feature","geometry":{"type":"Point","coordinates":[41.8833333,19.8]}},{"properties":{"city":"Amman, Irbid, Jordan","geo_score":0.714,"number of visitors":4,"id":"acwe8omg2pxj","geo_precision":"zip"},"type":"Feature","geometry":{"type":"Point","coordinates":[130.8333333,-3.7166667]}},{"properties":{"city":"Amsterdam, Noord-Holland, Netherlands","geo_score":0.714,"number of visitors":2,"id":"acwe8ot2vbzl","geo_precision":"zip"},"type":"Feature","geometry":{"type":"Point","coordinates":[-92.4468634,45.8449484]}},{"properties":{"city":"Baghdad, Iraq","geo_score":0.714,"number of visitors":2,"id":"acwe8oik9dif","geo_precision":"zip"},"type":"Feature","geometry":{"type":"Point","coordinates":[30.2166667,64.3166667]}},{"properties":{"city":"Baltimore, MD","geo_score":0.857,"number of visitors":2,"id":"acwe8oi3yv28","geo_precision":"zip"},"type":"Feature","geometry":{"type":"Point","coordinates":[-73.7333333,38.05]}},{"properties":{"city":"Bangalore, Karnataka, India","geo_score":0.857,"number of visitors":4,"id":"acwe8oo3qrmj","geo_precision":"zip"},"type":"Feature","geometry":{"type":"Point","coordinates":[-88.1166667,28.1166667]}},{"properties":{"city":"Batna, Algeria","geo_score":0.714,"number of visitors":1,"id":"acwe8onzf0ar","geo_precision":"zip"},"type":"Feature","geometry":{"type":"Point","coordinates":[43.7,-23.35]}},{"properties":{"city":"Belgaum, Karnataka, India","geo_score":0.857,"number of visitors":2,"id":"acwe8ogjbtkz","geo_precision":"zip"},"type":"Feature","geometry":{"type":"Point","coordinates":[-88.1166667,28.1166667]}},{"properties":{"city":"Belgrade, Serbia","geo_score":0.714,"number of visitors":1,"id":"acwe8ohid8c9","geo_precision":"zip"},"type":"Feature","geometry":{"type":"Point","coordinates":[45.927,35.1426]}},{"properties":{"city":"Bhavnagar, Gujarat, India","geo_score":0.714,"number of visitors":2,"id":"acwe8ore9b65","geo_precision":"zip"},"type":"Feature","geometry":{"type":"Point","coordinates":[75.9666667,17.1666667]}},{"properties":{"city":"Bhopal, Madhya Pradesh, India","geo_score":0.714,"number of visitors":1,"id":"acwe8ooeu7ao","geo_precision":"zip"},"type":"Feature","geometry":{"type":"Point","coordinates":[75.9666667,17.1666667]}},{"properties":{"city":"Blida, Algeria","geo_score":0.714,"number of visitors":1,"id":"acwe8ou8f7z4","geo_precision":"zip"},"type":"Feature","geometry":{"type":"Point","coordinates":[5.1666667,49.9833333]}},{"properties":{"city":"BogotȢ, Cundinamarca, Colombia","geo_score":0.714,"number of visitors":2,"id":"acwe8ovyv0eb","geo_precision":"zip"},"type":"Feature","geometry":{"type":"Point","coordinates":[19.4166667,4.1333333]}},{"properties":{"city":"Boston, MA","geo_score":0.857,"number of visitors":3,"id":"acwe8orkkcdz","geo_precision":"zip"},"type":"Feature","geometry":{"type":"Point","coordinates":[1.51779406,42.5766438]}},{"properties":{"city":"Botucatu, S?o Paulo, Brazil","geo_score":0.857,"number of visitors":1,"id":"acwe8ol06tvl","geo_precision":"zip"},"type":"Feature","geometry":{"type":"Point","coordinates":[-96.5,79.5]}},{"properties":{"city":"Brisbane, QLD, Australia","geo_score":0.857,"number of visitors":1,"id":"acwe8ovuysz6","geo_precision":"zip"},"type":"Feature","geometry":{"type":"Point","coordinates":[-126.5,-19.5]}},{"properties":{"city":"Bronx, NY","geo_score":0.714,"number of visitors":1,"id":"acwe8orb1hwv","geo_precision":"zip"},"type":"Feature","geometry":{"type":"Point","coordinates":[21.5,14.2666667]}},{"properties":{"city":"Buenos Aires, Distrito Federal, Argentina","geo_score":0.857,"number of visitors":1,"id":"acwe8on0irm0","geo_precision":"zip"},"type":"Feature","geometry":{"type":"Point","coordinates":[-50.0,-47.5]}},{"properties":{"city":"Bujumbura, Burundi","geo_score":0.714,"number of visitors":1,"id":"acwe8oiqq5i9","geo_precision":"zip"},"type":"Feature","geometry":{"type":"Point","coordinates":[143.8666667,-4.4]}},{"properties":{"city":"Cairo, Al Qahirah, Egypt","geo_score":0.714,"number of visitors":24,"id":"acwe8orhlfa0","geo_precision":"zip"},"type":"Feature","geometry":{"type":"Point","coordinates":[-11.85,8.9333333]}},{"properties":{"city":"Campinas, S?o Paulo, Brazil","geo_score":0.857,"number of visitors":2,"id":"acwe8opnq3om","geo_precision":"zip"},"type":"Feature","geometry":{"type":"Point","coordinates":[-96.5,79.5]}},{"properties":{"city":"Canton, MI","geo_score":0.714,"number of visitors":1,"id":"acwe8owueppz","geo_precision":"zip"},"type":"Feature","geometry":{"type":"Point","coordinates":[-25.0166667,36.9333333]}},{"properties":{"city":"Cape Town, Western Cape, South Africa","geo_score":0.857,"number of visitors":5,"id":"acwe8oicbxvf","geo_precision":"zip"},"type":"Feature","geometry":{"type":"Point","coordinates":[3.3166667,53.6333333]}},{"properties":{"city":"Chandigarh, India","geo_score":0.714,"number of visitors":3,"id":"acwe8onfnq4z","geo_precision":"zip"},"type":"Feature","geometry":{"type":"Point","coordinates":[75.9666667,17.1666667]}},{"properties":{"city":"Chennai, Tamil Nadu, India","geo_score":0.857,"number of visitors":3,"id":"acwe8ooe8uf3","geo_precision":"zip"},"type":"Feature","geometry":{"type":"Point","coordinates":[4.44815397262573,50.8980257392008]}},{"properties":{"city":"Chevy Chase, MD","geo_score":0.714,"number of visitors":1,"id":"acwe8ow54hyc","geo_precision":"zip"},"type":"Feature","geometry":{"type":"Point","coordinates":[73.5055556,34.7513889]}},{"properties":{"city":"Chicago, IL","geo_score":0.714,"number of visitors":2,"id":"acwe8oiilz7a","geo_precision":"zip"},"type":"Feature","geometry":{"type":"Point","coordinates":[53.7666667,57.6333333]}},{"properties":{"city":"Chittagong, Bangladesh","geo_score":0.857,"number of visitors":3,"id":"acwe8ov2pql4","geo_precision":"zip"},"type":"Feature","geometry":{"type":"Point","coordinates":[-16.7166667,25.25]}},{"properties":{"city":"Coimbatore, Tamil Nadu, India","geo_score":0.857,"number of visitors":3,"id":"acwe8omtvopl","geo_precision":"zip"},"type":"Feature","geometry":{"type":"Point","coordinates":[4.44815397262573,50.8980257392008]}},{"properties":{"city":"Colombo, Sri Lanka","geo_score":0.857,"number of visitors":2,"id":"acwe8omfs6mw","geo_precision":"zip"},"type":"Feature","geometry":{"type":"Point","coordinates":[-74.2166667,24.5833333]}},{"properties":{"city":"Constantine, Algeria","geo_score":0.857,"number of visitors":2,"id":"acwe8opj7nnw","geo_precision":"zip"},"type":"Feature","geometry":{"type":"Point","coordinates":[179.5,51.45]}},{"properties":{"city":"Cork, Ireland","geo_score":0.857,"number of visitors":1,"id":"acwe8onfjd0m","geo_precision":"zip"},"type":"Feature","geometry":{"type":"Point","coordinates":[-12.6666667,55.0]}},{"properties":{"city":"Crato, Ceara, Brazil","geo_score":0.857,"number of visitors":1,"id":"acwe8ot0mc5e","geo_precision":"zip"},"type":"Feature","geometry":{"type":"Point","coordinates":[-96.5,79.5]}},{"properties":{"city":"Damascus, Dimashq, Syria","geo_score":0.714,"number of visitors":2,"id":"acwe8okuutam","geo_precision":"zip"},"type":"Feature","geometry":{"type":"Point","coordinates":[117.9666667,28.4666667]}},{"properties":{"city":"Darwin, NT, Australia","geo_score":0.857,"number of visitors":1,"id":"acwe8orx03tt","geo_precision":"zip"},"type":"Feature","geometry":{"type":"Point","coordinates":[-126.5,-19.5]}},{"properties":{"city":"Delhi, India","geo_score":0.714,"number of visitors":2,"id":"acwe8opo7win","geo_precision":"zip"},"type":"Feature","geometry":{"type":"Point","coordinates":[77.2166667,28.6666667]}},{"properties":{"city":"Dhaka, Bangladesh","geo_score":0.714,"number of visitors":8,"id":"acwe8oka9l1f","geo_precision":"zip"},"type":"Feature","geometry":{"type":"Point","coordinates":[89.3666667,23.7]}},{"properties":{"city":"Dharan, Nepal","geo_score":0.714,"number of visitors":2,"id":"acwe8otip6yu","geo_precision":"zip"},"type":"Feature","geometry":{"type":"Point","coordinates":[23.5256767272949,52.1229498091348]}},{"properties":{"city":"Doha, Ad Dawhah, Qatar","geo_score":0.714,"number of visitors":3,"id":"acwe8ownn5bn","geo_precision":"zip"},"type":"Feature","geometry":{"type":"Point","coordinates":[71.9433333,34.2277778]}},{"properties":{"city":"Douala, Littoral, Cameroon","geo_score":0.857,"number of visitors":2,"id":"acwe8ourp8ju","geo_precision":"zip"},"type":"Feature","geometry":{"type":"Point","coordinates":[114.35,8.5]}},{"properties":{"city":"Dubai, United Arab Emirates","geo_score":0.714,"number of visitors":3,"id":"acwe8otm8epa","geo_precision":"zip"},"type":"Feature","geometry":{"type":"Point","coordinates":[103.42392,24.38254]}},{"properties":{"city":"El Fayoum City, Al Fayyum, Egypt","geo_score":0.714,"number of visitors":2,"id":"acwe8ovo3qg2","geo_precision":"zip"},"type":"Feature","geometry":{"type":"Point","coordinates":[122.8666667,0.7333333]}},{"properties":{"city":"Enugu, Nigeria","geo_score":0.714,"number of visitors":2,"id":"acwe8olx02g3","geo_precision":"zip"},"type":"Feature","geometry":{"type":"Point","coordinates":[34.15,-0.9]}},{"properties":{"city":"Faisalabad, Punjab, Pakistan","geo_score":0.714,"number of visitors":2,"id":"acwe8ogi0167","geo_precision":"zip"},"type":"Feature","geometry":{"type":"Point","coordinates":[70.1777778,28.5777778]}},{"properties":{"city":"FlorianȮpolis, Santa Catarina, Brazil","geo_score":0.857,"number of visitors":2,"id":"acwe8ol9um26","geo_precision":"zip"},"type":"Feature","geometry":{"type":"Point","coordinates":[-96.5,79.5]}},{"properties":{"city":"G?za, Al Jizah, Egypt","geo_score":0.714,"number of visitors":3,"id":"acwe8osq43vh","geo_precision":"zip"},"type":"Feature","geometry":{"type":"Point","coordinates":[122.8666667,0.7333333]}},{"properties":{"city":"Galle, Sri Lanka","geo_score":0.714,"number of visitors":2,"id":"acwe8ougxwmw","geo_precision":"zip"},"type":"Feature","geometry":{"type":"Point","coordinates":[-84.3333333,9.85]}},{"properties":{"city":"Gaza, Palestine","geo_score":0.714,"number of visitors":3,"id":"acwe8os56xlx","geo_precision":"zip"},"type":"Feature","geometry":{"type":"Point","coordinates":[-96.0772409,41.2480546]}},{"properties":{"city":"Geneva, Geneve, Switzerland","geo_score":0.714,"number of visitors":2,"id":"acwe8oktdwe4","geo_precision":"zip"},"type":"Feature","geometry":{"type":"Point","coordinates":[-71.0061618,42.4487074]}},{"properties":{"city":"Georgetown, Demerara-Mahaica, Guyana","geo_score":0.857,"number of visitors":2,"id":"acwe8oi5q578","geo_precision":"zip"},"type":"Feature","geometry":{"type":"Point","coordinates":[-75.78167,23.466667]}},{"properties":{"city":"Giza, Al Jizah, Egypt","geo_score":0.714,"number of visitors":2,"id":"acwe8onqytvv","geo_precision":"zip"},"type":"Feature","geometry":{"type":"Point","coordinates":[50.516389,26.161944]}},{"properties":{"city":"Gwalior, Madhya Pradesh, India","geo_score":0.714,"number of visitors":2,"id":"acwe8osgq127","geo_precision":"zip"},"type":"Feature","geometry":{"type":"Point","coordinates":[75.9666667,17.1666667]}},{"properties":{"city":"Haddon Heights, NJ","geo_score":0.714,"number of visitors":1,"id":"acwe8ovfyrtu","geo_precision":"zip"},"type":"Feature","geometry":{"type":"Point","coordinates":[12.7333333,48.1]}},{"properties":{"city":"Hyderabad, Andhra Pradesh, India","geo_score":0.714,"number of visitors":5,"id":"acwe8opcq22h","geo_precision":"zip"},"type":"Feature","geometry":{"type":"Point","coordinates":[-77.5333333,1.2166667]}},{"properties":{"city":"Indore, Madhya Pradesh, India","geo_score":0.714,"number of visitors":4,"id":"acwe8oq2mug4","geo_precision":"zip"},"type":"Feature","geometry":{"type":"Point","coordinates":[127.4338889,39.9988889]}},{"properties":{"city":"Islamabad, Pakistan","geo_score":0.714,"number of visitors":5,"id":"acwe8otc6sxg","geo_precision":"zip"},"type":"Feature","geometry":{"type":"Point","coordinates":[39.716667,9.65]}},{"properties":{"city":"Ismailia, Al Isma'iliyah, Egypt","geo_score":0.714,"number of visitors":2,"id":"acwe8oho6g5o","geo_precision":"zip"},"type":"Feature","geometry":{"type":"Point","coordinates":[50.516389,26.161944]}},{"properties":{"city":"Istanbul, Turkey","geo_score":0.714,"number of visitors":1,"id":"acwe8oi1ju8x","geo_precision":"zip"},"type":"Feature","geometry":{"type":"Point","coordinates":[-69.5980556,-14.2677778]}},{"properties":{"city":"Izmir, Turkey","geo_score":0.714,"number of visitors":4,"id":"acwe8oipd7p5","geo_precision":"zip"},"type":"Feature","geometry":{"type":"Point","coordinates":[-69.5980556,-14.2677778]}},{"properties":{"city":"Jaipur, Rajasthan, India","geo_score":0.714,"number of visitors":2,"id":"acwe8orqi2ru","geo_precision":"zip"},"type":"Feature","geometry":{"type":"Point","coordinates":[75.9666667,17.1666667]}},{"properties":{"city":"Jakarta, Jakarta Raya, Indonesia","geo_score":0.714,"number of visitors":2,"id":"acwe8op0ptsa","geo_precision":"zip"},"type":"Feature","geometry":{"type":"Point","coordinates":[-88.7017774,44.1391489]}},{"properties":{"city":"Jeddah, Makkah, Saudi Arabia","geo_score":0.714,"number of visitors":4,"id":"acwe8oq2xpth","geo_precision":"zip"},"type":"Feature","geometry":{"type":"Point","coordinates":[0.9666667,10.6]}},{"properties":{"city":"Johannesburg, Gauteng, South Africa","geo_score":0.857,"number of visitors":2,"id":"acwe8on7eym5","geo_precision":"zip"},"type":"Feature","geometry":{"type":"Point","coordinates":[115.95,20.9333333]}},{"properties":{"city":"Juiz de Fora, Minas Gerais, Brazil","geo_score":0.857,"number of visitors":2,"id":"acwe8olmfshm","geo_precision":"zip"},"type":"Feature","geometry":{"type":"Point","coordinates":[-96.5,79.5]}},{"properties":{"city":"Kabul, Kabol, Afghanistan","geo_score":0.714,"number of visitors":1,"id":"acwe8oqwwf0k","geo_precision":"zip"},"type":"Feature","geometry":{"type":"Point","coordinates":[-4.7666667,11.5333333]}},{"properties":{"city":"Karachi, Sindh, Pakistan","geo_score":0.857,"number of visitors":9,"id":"acwe8orvekqp","geo_precision":"zip"},"type":"Feature","geometry":{"type":"Point","coordinates":[150.0,40.0]}},{"properties":{"city":"Kathmandu, Nepal","geo_score":0.714,"number of visitors":4,"id":"acwe8ouw4kyo","geo_precision":"zip"},"type":"Feature","geometry":{"type":"Point","coordinates":[23.5256767272949,52.1229498091348]}},{"properties":{"city":"Katihar, Bihar, India","geo_score":0.714,"number of visitors":1,"id":"acwe8om9kp55","geo_precision":"zip"},"type":"Feature","geometry":{"type":"Point","coordinates":[17.5833333,5.4333333]}},{"properties":{"city":"Khammam, Andhra Pradesh, India","geo_score":0.714,"number of visitors":1,"id":"acwe8ok37q33","geo_precision":"zip"},"type":"Feature","geometry":{"type":"Point","coordinates":[-77.5333333,1.2166667]}},{"properties":{"city":"Kharkov, Kharkivs'ka Oblast', Ukraine","geo_score":0.714,"number of visitors":1,"id":"acwe8orq3dfe","geo_precision":"zip"},"type":"Feature","geometry":{"type":"Point","coordinates":[85.35,54.55]}},{"properties":{"city":"Khartoum, Al Khartum, Sudan","geo_score":0.714,"number of visitors":4,"id":"acwe8ospgw3l","geo_precision":"zip"},"type":"Feature","geometry":{"type":"Point","coordinates":[31.2197222,29.3311111]}},{"properties":{"city":"Kigali, Rwanda","geo_score":0.714,"number of visitors":1,"id":"acwe8ojspjnq","geo_precision":"zip"},"type":"Feature","geometry":{"type":"Point","coordinates":[16.4833333,-5.4666667]}},{"properties":{"city":"Kumasi, Ashanti, Ghana","geo_score":0.714,"number of visitors":2,"id":"acwe8ohyjzgp","geo_precision":"zip"},"type":"Feature","geometry":{"type":"Point","coordinates":[120.4608333,24.1302778]}},{"properties":{"city":"Lagos, Nigeria","geo_score":0.714,"number of visitors":8,"id":"acwe8oswpipp","geo_precision":"zip"},"type":"Feature","geometry":{"type":"Point","coordinates":[20.8333333,-7.8]}},{"properties":{"city":"Lahore, Punjab, Pakistan","geo_score":0.714,"number of visitors":6,"id":"acwe8oibfavk","geo_precision":"zip"},"type":"Feature","geometry":{"type":"Point","coordinates":[67.2180556,30.0675]}},{"properties":{"city":"Lima, Peru","geo_score":0.714,"number of visitors":2,"id":"acwe8omxunnp","geo_precision":"zip"},"type":"Feature","geometry":{"type":"Point","coordinates":[23.6166667,-15.6666667]}},{"properties":{"city":"London, England, United Kingdom","geo_score":0.714,"number of visitors":4,"id":"acwe8ogo69jp","geo_precision":"zip"},"type":"Feature","geometry":{"type":"Point","coordinates":[-87.324482,41.580592]}},{"properties":{"city":"Loni, Maharashtra, India","geo_score":0.714,"number of visitors":2,"id":"acwe8oot4w9l","geo_precision":"zip"},"type":"Feature","geometry":{"type":"Point","coordinates":[23.0,-17.3833333]}},{"properties":{"city":"Los Angeles, CA","geo_score":0.714,"number of visitors":4,"id":"acwe8ots70oe","geo_precision":"zip"},"type":"Feature","geometry":{"type":"Point","coordinates":[-120.5529797,38.0732553]}},{"properties":{"city":"Ludhiana, Punjab, India","geo_score":0.714,"number of visitors":5,"id":"acwe8oh78s3z","geo_precision":"zip"},"type":"Feature","geometry":{"type":"Point","coordinates":[75.9666667,17.1666667]}},{"properties":{"city":"Lugansk, Luhans'ka Oblast', Ukraine","geo_score":0.714,"number of visitors":3,"id":"acwe8owm767k","geo_precision":"zip"},"type":"Feature","geometry":{"type":"Point","coordinates":[-64.8666667,-33.8666667]}},{"properties":{"city":"Maastricht, Limburg, Netherlands","geo_score":0.714,"number of visitors":2,"id":"acwe8ohgp4cb","geo_precision":"zip"},"type":"Feature","geometry":{"type":"Point","coordinates":[33.4875,35.025]}},{"properties":{"city":"Madrid, m, Spain","geo_score":0.714,"number of visitors":1,"id":"acwe8otykvbi","geo_precision":"zip"},"type":"Feature","geometry":{"type":"Point","coordinates":[175.750209023,-38.548226739]}},{"properties":{"city":"Makati, Rizal, Philippines","geo_score":0.857,"number of visitors":4,"id":"acwe8oq3124g","geo_precision":"zip"},"type":"Feature","geometry":{"type":"Point","coordinates":[135.0,20.0]}},{"properties":{"city":"Mangalore, Karnataka, India","geo_score":0.857,"number of visitors":4,"id":"acwe8osr9yhz","geo_precision":"zip"},"type":"Feature","geometry":{"type":"Point","coordinates":[-88.1166667,28.1166667]}},{"properties":{"city":"Manipal, Karnataka, India","geo_score":0.857,"number of visitors":1,"id":"acwe8oivg9dr","geo_precision":"zip"},"type":"Feature","geometry":{"type":"Point","coordinates":[-88.1166667,28.1166667]}},{"properties":{"city":"Mansoura, Ad Daqahliyah, Egypt","geo_score":0.714,"number of visitors":2,"id":"acwe8oqi8tke","geo_precision":"zip"},"type":"Feature","geometry":{"type":"Point","coordinates":[1.8166667,7.3833333]}},{"properties":{"city":"Medina, Al Madinah, Saudi Arabia","geo_score":0.714,"number of visitors":1,"id":"acwe8onjo013","geo_precision":"zip"},"type":"Feature","geometry":{"type":"Point","coordinates":[122.8666667,0.7333333]}},{"properties":{"city":"Mexico City, Distrito Federal, Mexico","geo_score":0.714,"number of visitors":1,"id":"acwe8oqcov5x","geo_precision":"zip"},"type":"Feature","geometry":{"type":"Point","coordinates":[26.5666667,46.7333333]}},{"properties":{"city":"Miami, FL","geo_score":0.857,"number of visitors":2,"id":"acwe8ogdomqj","geo_precision":"zip"},"type":"Feature","geometry":{"type":"Point","coordinates":[-70.2166667,42.5333333]}},{"properties":{"city":"Milan, Lombardia, Italy","geo_score":0.857,"number of visitors":1,"id":"acwe8oqtijsn","geo_precision":"zip"},"type":"Feature","geometry":{"type":"Point","coordinates":[-21.0,8.8333333]}},{"properties":{"city":"Minshat el-Santa, Al Gharbiyah, Egypt","geo_score":0.714,"number of visitors":1,"id":"acwe8oijg0y0","geo_precision":"zip"},"type":"Feature","geometry":{"type":"Point","coordinates":[50.516389,26.161944]}},{"properties":{"city":"Moscow, Moscow City, Russia","geo_score":0.857,"number of visitors":3,"id":"acwe8ohuveoz","geo_precision":"zip"},"type":"Feature","geometry":{"type":"Point","coordinates":[16.594934463501,49.1792908446144]}},{"properties":{"city":"Mukalla, Hadramawt, Yemen","geo_score":0.714,"number of visitors":2,"id":"acwe8oh2u3mm","geo_precision":"zip"},"type":"Feature","geometry":{"type":"Point","coordinates":[73.0333333,41.3]}},{"properties":{"city":"Multan, Punjab, Pakistan","geo_score":0.714,"number of visitors":2,"id":"acwe8owi4c8u","geo_precision":"zip"},"type":"Feature","geometry":{"type":"Point","coordinates":[98.25,12.9]}},{"properties":{"city":"Mumbai, Maharashtra, India","geo_score":0.714,"number of visitors":19,"id":"acwe8ogmww6i","geo_precision":"zip"},"type":"Feature","geometry":{"type":"Point","coordinates":[-77.5333333,1.2166667]}},{"properties":{"city":"Mysore, Karnataka, India","geo_score":0.857,"number of visitors":1,"id":"acwe8omzbwms","geo_precision":"zip"},"type":"Feature","geometry":{"type":"Point","coordinates":[-88.1166667,28.1166667]}},{"properties":{"city":"Nagpur, Maharashtra, India","geo_score":0.714,"number of visitors":3,"id":"acwe8ogvrupf","geo_precision":"zip"},"type":"Feature","geometry":{"type":"Point","coordinates":[75.9666667,17.1666667]}},{"properties":{"city":"Nanchang, Jiangxi, China","geo_score":0.714,"number of visitors":2,"id":"acwe8olbtqtp","geo_precision":"zip"},"type":"Feature","geometry":{"type":"Point","coordinates":[114.3771826,25.1893752]}},{"properties":{"city":"Natal, Rio Grande do Norte, Brazil","geo_score":0.857,"number of visitors":2,"id":"acwe8oqa0y6j","geo_precision":"zip"},"type":"Feature","geometry":{"type":"Point","coordinates":[-96.5,79.5]}},{"properties":{"city":"Navi Mumbai (New Mumbai), Maharashtra, India","geo_score":0.714,"number of visitors":2,"id":"acwe8oqvp0xt","geo_precision":"zip"},"type":"Feature","geometry":{"type":"Point","coordinates":[22.8333333,-15.25]}},{"properties":{"city":"Nellore, Andhra Pradesh, India","geo_score":0.714,"number of visitors":2,"id":"acwe8oooysfo","geo_precision":"zip"},"type":"Feature","geometry":{"type":"Point","coordinates":[-77.5333333,1.2166667]}},{"properties":{"city":"New Brunswick, NJ","geo_score":0.714,"number of visitors":2,"id":"acwe8ou857rp","geo_precision":"zip"},"type":"Feature","geometry":{"type":"Point","coordinates":[-73.3990109,40.7001]}},{"properties":{"city":"New Delhi, Delhi, India","geo_score":0.714,"number of visitors":7,"id":"acwe8ohla4la","geo_precision":"zip"},"type":"Feature","geometry":{"type":"Point","coordinates":[-1.5,13.2333333]}},{"properties":{"city":"New York, NY","geo_score":0.714,"number of visitors":4,"id":"acwe8ol9fn8w","geo_precision":"zip"},"type":"Feature","geometry":{"type":"Point","coordinates":[-1.5,13.2333333]}},{"properties":{"city":"Nnewi, Anambra, Nigeria","geo_score":0.714,"number of visitors":4,"id":"acwe8oubzf3q","geo_precision":"zip"},"type":"Feature","geometry":{"type":"Point","coordinates":[120.2755556,22.6608333]}},{"properties":{"city":"Paris, Ile-de-France, France","geo_score":0.714,"number of visitors":2,"id":"acwe8omkn3r0","geo_precision":"zip"},"type":"Feature","geometry":{"type":"Point","coordinates":[19.7702778,42.3444444]}},{"properties":{"city":"Penang, Pulau Pinang, Malaysia","geo_score":0.714,"number of visitors":2,"id":"acwe8or4zy4l","geo_precision":"zip"},"type":"Feature","geometry":{"type":"Point","coordinates":[90.1,23.9]}},{"properties":{"city":"Peshawar, Khyber Pakhtunkhwa, Pakistan","geo_score":0.714,"number of visitors":7,"id":"acwe8oofyzen","geo_precision":"zip"},"type":"Feature","geometry":{"type":"Point","coordinates":[72.4666667,30.25]}},{"properties":{"city":"Philadelphia, PA","geo_score":0.714,"number of visitors":15,"id":"acwe8ojhfq6w","geo_precision":"zip"},"type":"Feature","geometry":{"type":"Point","coordinates":[-155.4469444,19.1597222]}},{"properties":{"city":"PondichȦry, Pondicherry, India","geo_score":0.714,"number of visitors":2,"id":"acwe8ow08f9f","geo_precision":"zip"},"type":"Feature","geometry":{"type":"Point","coordinates":[79.83,11.93]}},{"properties":{"city":"Pondicherry, India","geo_score":0.714,"number of visitors":4,"id":"acwe8oo5fley","geo_precision":"zip"},"type":"Feature","geometry":{"type":"Point","coordinates":[79.83,11.93]}},{"properties":{"city":"Porto Alegre, Rio Grande do Sul, Brazil","geo_score":0.857,"number of visitors":2,"id":"acwe8op1o8n8","geo_precision":"zip"},"type":"Feature","geometry":{"type":"Point","coordinates":[-96.5,79.5]}},{"properties":{"city":"Pretoria, Gauteng, South Africa","geo_score":0.857,"number of visitors":2,"id":"acwe8omcprvg","geo_precision":"zip"},"type":"Feature","geometry":{"type":"Point","coordinates":[-66.95,18.7833333]}},{"properties":{"city":"Pune, Maharashtra, India","geo_score":0.714,"number of visitors":11,"id":"acwe8oq4uft0","geo_precision":"zip"},"type":"Feature","geometry":{"type":"Point","coordinates":[10.6,52.3333333]}},{"properties":{"city":"Rahimyar Khan, Punjab, Pakistan","geo_score":0.714,"number of visitors":2,"id":"acwe8ot2b4yy","geo_precision":"zip"},"type":"Feature","geometry":{"type":"Point","coordinates":[77.0086111,31.1508333]}},{"properties":{"city":"Rajkot, Gujarat, India","geo_score":0.714,"number of visitors":1,"id":"acwe8oo29xx6","geo_precision":"zip"},"type":"Feature","geometry":{"type":"Point","coordinates":[75.9666667,17.1666667]}},{"properties":{"city":"Rawalpindi, Punjab, Pakistan","geo_score":0.714,"number of visitors":1,"id":"acwe8or8bmy8","geo_precision":"zip"},"type":"Feature","geometry":{"type":"Point","coordinates":[125.75,39.0333333]}},{"properties":{"city":"Rio de Janeiro, Brazil","geo_score":0.857,"number of visitors":4,"id":"acwe8on604b2","geo_precision":"zip"},"type":"Feature","geometry":{"type":"Point","coordinates":[-96.5,79.5]}},{"properties":{"city":"Riyadh, Ar Riyad, Saudi Arabia","geo_score":0.714,"number of visitors":9,"id":"acwe8opd0r0z","geo_precision":"zip"},"type":"Feature","geometry":{"type":"Point","coordinates":[23.4833333,67.45]}},{"properties":{"city":"S?o Paulo, Brazil","geo_score":0.857,"number of visitors":6,"id":"acwe8ot33h97","geo_precision":"zip"},"type":"Feature","geometry":{"type":"Point","coordinates":[-96.5,79.5]}},{"properties":{"city":"Saint-Tropez, Provence-Alpes-Cote d'Azur, France","geo_score":0.857,"number of visitors":1,"id":"acwe8osi26e6","geo_precision":"zip"},"type":"Feature","geometry":{"type":"Point","coordinates":[6.95,43.2833333]}},{"properties":{"city":"Salvador, Bahia, Brazil","geo_score":0.857,"number of visitors":3,"id":"acwe8orglwh8","geo_precision":"zip"},"type":"Feature","geometry":{"type":"Point","coordinates":[-96.5,79.5]}},{"properties":{"city":"San Pedro de MacorȪs, San Pedro De Macoris, Dominican Republic","geo_score":0.857,"number of visitors":2,"id":"acwe8onl2w9a","geo_precision":"zip"},"type":"Feature","geometry":{"type":"Point","coordinates":[-118.2833333,33.65]}},{"properties":{"city":"Santiago, Region Metropolitana, Chile","geo_score":0.857,"number of visitors":3,"id":"acwe8omn5syr","geo_precision":"zip"},"type":"Feature","geometry":{"type":"Point","coordinates":[-21.0,32.0]}},{"properties":{"city":"Santo Domingo, Distrito Nacional, Dominican Republic","geo_score":0.857,"number of visitors":2,"id":"acwe8ol86pnj","geo_precision":"zip"},"type":"Feature","geometry":{"type":"Point","coordinates":[-118.6833333,32.5]}},{"properties":{"city":"Sevagram, Maharashtra, India","geo_score":0.714,"number of visitors":1,"id":"acwe8okhpflz","geo_precision":"zip"},"type":"Feature","geometry":{"type":"Point","coordinates":[13.2333333,4.7666667]}},{"properties":{"city":"Sewell, NJ","geo_score":0.714,"number of visitors":1,"id":"acwe8oh81var","geo_precision":"zip"},"type":"Feature","geometry":{"type":"Point","coordinates":[67.08,34.67]}},{"properties":{"city":"Surat, Gujarat, India","geo_score":0.714,"number of visitors":1,"id":"acwe8okxb76v","geo_precision":"zip"},"type":"Feature","geometry":{"type":"Point","coordinates":[-80.4166667,-6.4833333]}},{"properties":{"city":"Taipei, Taiwan","geo_score":0.714,"number of visitors":2,"id":"acwe8om629s8","geo_precision":"zip"},"type":"Feature","geometry":{"type":"Point","coordinates":[27.3666667,45.9666667]}},{"properties":{"city":"Tanta, Al Gharbiyah, Egypt","geo_score":0.714,"number of visitors":2,"id":"acwe8olg0jto","geo_precision":"zip"},"type":"Feature","geometry":{"type":"Point","coordinates":[6.5666667,45.3666667]}},{"properties":{"city":"Tbilisi, Dushet'is Raioni, Georgia","geo_score":0.714,"number of visitors":14,"id":"acwe8ospxcen","geo_precision":"zip"},"type":"Feature","geometry":{"type":"Point","coordinates":[8.79513592491022,47.5274459721946]}},{"properties":{"city":"Tehran, Hormozgan, Iran","geo_score":0.714,"number of visitors":1,"id":"acwe8oggbepx","geo_precision":"zip"},"type":"Feature","geometry":{"type":"Point","coordinates":[-7.9666667,41.6]}},{"properties":{"city":"Tripoli, Tarabulus, Libya","geo_score":0.857,"number of visitors":2,"id":"acwe8os08vqf","geo_precision":"zip"},"type":"Feature","geometry":{"type":"Point","coordinates":[13.5,33.75]}},{"properties":{"city":"Ulaanbaatar, Mongolia","geo_score":0.714,"number of visitors":1,"id":"acwe8oh8pzj0","geo_precision":"zip"},"type":"Feature","geometry":{"type":"Point","coordinates":[22.7,-15.05]}},{"properties":{"city":"Yangon, Myanmar","geo_score":0.714,"number of visitors":1,"id":"acwe8ognz4xq","geo_precision":"zip"},"type":"Feature","geometry":{"type":"Point","coordinates":[140.3166667,-34.3333333]}},{"properties":{"city":"YaoundȦ, Centre, Cameroon","geo_score":0.857,"number of visitors":2,"id":"acwe8opplqkn","geo_precision":"zip"},"type":"Feature","geometry":{"type":"Point","coordinates":[14.3701171875,39.8760194196212]}},{"properties":{"city":"Yogyakarta, Indonesia","geo_score":0.714,"number of visitors":3,"id":"acwe8olph60l","geo_precision":"zip"},"type":"Feature","geometry":{"type":"Point","coordinates":[-111.085710577,60.667385187]}}],"is_temporal":false,"author":{"url":"","metadata":"","contact_name":"","contact_address":"","source":"","contact_phone":""},"source":"","pagination":{"sort":null,"start":0,"total":143,"limit":1000000},"state":"complete","tags":"","published":"2014-08-16T17:04:32-04:00","id":333027}