{"type":"FeatureCollection","data_type":"Dataset","url_type":null,"permissions":[{"permissions":{"download":true,"view":true},"group_id":"everyone"}],"classification":null,"title":"Sucursales Banco Santander PuertoRico","count":54,"stream_id":354555,"contributor":{"url":"http://geocommons.com/users/71614","name":"juanmapresa"},"data_attributes":null,"calculation_params":null,"icon_link":null,"link":"http://geocommons.com/overlays/354555.json","extent":[-67.1771,17.9687,-65.6362,18.472],"geometry_types":["point"],"unique_name":null,"name":"Sucursales Banco Santander PuertoRico","feature_count":54,"description":"Sucursales Banco Santander Puerto Rico","next_feature":null,"is_raster":false,"short_classification":"Y","stats":{},"features":[{"properties":{"city":"Aguadilla","sucursal":"Aguadilla *","country":"Puerto Rico","geo_score":0.52,"postal code":"PR00603","opening table":"Lunes-Viernes;8:30 AM - 3:00 PM (V;Sabado;9:00 AM - 12:00 M;Auto Banco (L-V);8:30 AM - 3:00 PM (V;Auto Banco (S);9:00 AM - 12:00 M","fax":"787-882-4500","telephone":"787-891-0344","id":"ae52wavvdyij","address":"Ave. San Carlos Esq. Ave. Betances","geo_precision":"street"},"type":"Feature","geometry":{"type":"Point","coordinates":[-67.15202,18.451135]}},{"properties":{"city":"Arecibo","sucursal":"Arecibo De Diego *","country":"Puerto Rico","geo_score":0.449,"postal code":"PR00612","opening table":"Lunes-Viernes;8:30 AM - 3:00 PM (V;Sabado;8:30AM - 12:00 M","fax":"787-878-5066","telephone":"787-878-3636","id":"ae52wata6kb5","address":"Ave. Jose De Diego Esquina Castelar 316","geo_precision":"street"},"type":"Feature","geometry":{"type":"Point","coordinates":[-66.725242,18.452973]}},{"properties":{"city":"Barranquitas","sucursal":"Barranquitas","country":"Puerto Rico","geo_score":0.393,"postal code":"PR00794","opening table":"Lunes-Viernes;8:30 AM-3:00 PM","fax":"787-857-8552","telephone":"787-857-2355","id":"ae52waiazt4e","address":"Calle Barcelo  60 Esq. Padre Davila","geo_precision":"street"},"type":"Feature","geometry":{"type":"Point","coordinates":[-67.150269,18.200882]}},{"properties":{"city":"Bayamon","sucursal":"Bayamon Center","country":"Puerto Rico","geo_score":0.488,"postal code":"PR00959","opening table":"Lunes-Viernes;8:30 AM-3:00 PM","fax":"787-798-0025","telephone":"787-288-6000","id":"ae52wahxmesq","address":"Carr. 2 Esq. Carr. 167","geo_precision":"city"},"type":"Feature","geometry":{"type":"Point","coordinates":[-66.174176,18.326702]}},{"properties":{"city":"Bayamon","sucursal":"Bayamon Oeste *","country":"Puerto Rico","geo_score":0.415,"postal code":"PR00959","opening table":"Lunes-Viernes;8:30 AM - 3:00 PM (V;Sabado;9:00 AM - 12:00 M;Auto Banco (L-V);8:30 AM - 3:00 PM (V;Auto Banco (S);9:00 AM - 12:00 M","fax":"787-740-0044","telephone":"787-780-1101","id":"ae52wakz3l9i","address":"Bayamon Oeste Shopping Center Carr. 2 Km. 14.7","geo_precision":"street"},"type":"Feature","geometry":{"type":"Point","coordinates":[-66.119935,18.434691]}},{"properties":{"city":"Bayamon","sucursal":"Lomas Verdes","country":"Puerto Rico","geo_score":0.366,"postal code":"PR00956","opening table":"Lunes-Viernes;8:30 AM-3:00PM","fax":"787-785-5544","telephone":"787-785-4415","id":"ae52waup3qah","address":"Ave. Lomas Verdes 1-A-1","geo_precision":"street"},"type":"Feature","geometry":{"type":"Point","coordinates":[-66.145719,18.38259]}},{"properties":{"city":"Bayamon","sucursal":"Plaza del Sol II *","country":"Puerto Rico","geo_score":0.446,"postal code":"PR00961","opening table":"Lunes-Viernes;9:00 AM - 3:00 PM (V;Sabado;9:00 AM - 1:00 PM","fax":"787-778-2531","telephone":"787-778-2525","id":"ae52waoz30ap","address":"501 Ave. West Main Sierra, Centro Com. Plaza del Sol","geo_precision":"street"},"type":"Feature","geometry":{"type":"Point","coordinates":[-66.142163,18.385296]}},{"properties":{"city":"Bayamon","sucursal":"San Pablo","country":"Puerto Rico","geo_score":0.381,"postal code":"PR00959","opening table":"Lunes-Viernes;8:30 AM-3:00 PM","fax":"787-786-8320","telephone":"787-798-4038","id":"ae52wanwk8mj","address":"Edif. Instituto San Pablo Hosp. San Pablo Calle Santa Cruz 66","geo_precision":"street"},"type":"Feature","geometry":{"type":"Point","coordinates":[-66.159617,18.380744]}},{"properties":{"city":"Cabo Rojo","sucursal":"Cabo Rojo","country":"Puerto Rico","geo_score":0.571,"postal code":"PR00923","opening table":"Lunes-Viernes;8:30 AM-3:00 PM","fax":"787-851-2484","telephone":"787-851-1700","id":"ae52waiw6g1z","address":"Ruiz Rivera 22","geo_precision":"street"},"type":"Feature","geometry":{"type":"Point","coordinates":[-67.148069,18.087377]}},{"properties":{"city":"Caguas","sucursal":"Caguas Main","country":"Puerto Rico","geo_score":0.531,"postal code":"PR00725","opening table":"Lunes-Viernes;8:30 AM-3:00 PM","fax":"787-746-2322","telephone":"787-746-2626","id":"ae52wanlw2x8","address":"Betances y Baldorioty","geo_precision":"street"},"type":"Feature","geometry":{"type":"Point","coordinates":[-66.11568,17.984137]}},{"properties":{"city":"Caguas","sucursal":"Caguas Sur *","country":"Puerto Rico","geo_score":0.543,"postal code":"PR00725","opening table":"Lunes-Viernes;8:30 AM - 3:00 PM (V;Sabado;9:00 AM - 12:00 M;Auto Banco (L-V);8:30 AM - 3:00 PM (V;Auto Banco (S);9:00 AM - 12:00 M","fax":"787-746-4445","telephone":"787-743-2425","id":"ae52walekqsl","address":"Ave. Gautier Benitez 179 Frente a San Alfonso Shopping Center","geo_precision":"street"},"type":"Feature","geometry":{"type":"Point","coordinates":[-65.653961,18.330766]}},{"properties":{"city":"Canovanas","sucursal":"Sucursal Ruta 66","country":"Puerto Rico","geo_score":0.5,"postal code":"PR00729","opening table":"Lunes-Viernes;9:00 AM - 3:00 PM (Viernes 4:00 PM);Sabado;9:00 a.m. a 1:00 p.m","fax":"787-256-6982","telephone":"787-256-6970","id":"ae52waqpcxyw","address":"The Outlet Ruta 66, Carretera 3","geo_precision":"street"},"type":"Feature","geometry":{"type":"Point","coordinates":[-66.495383,18.428265]}},{"properties":{"city":"Carolina","sucursal":"Isla Verde","country":"Puerto Rico","geo_score":0.595,"postal code":"PR00979","opening table":"Lunes-Viernes;8:30 AM-3:00 PM;Auto Banco (L-V);8:30 AM-3:00 PM","fax":"787-982-5325","telephone":"787-982-5300","id":"ae52warb3hzu","address":"Carretera Estatal 187 Ave. Isla Verde Solar 9","geo_precision":"street"},"type":"Feature","geometry":{"type":"Point","coordinates":[-66.037391,18.449092]}},{"properties":{"city":"Carolina","sucursal":"Parque Escorial I *","country":"Puerto Rico","geo_score":0.506,"postal code":"PR00924","opening table":"Lunes-Viernes;9:00 AM - 3:00 PM (V;Sabado;9:00 AM - 12:00 M;Auto Banco (L-V);9:00 AM - 3:00 PM (V;Auto Banco (S);9:00 AM - 12:00 M","fax":"787-276-4454","telephone":"787-276-4450","id":"ae52wawtvih9","address":"Centro Comercial Parque Escorial, Ave. 65 Infanteria, Rio Piedras Barrio San Anton","geo_precision":"street"},"type":"Feature","geometry":{"type":"Point","coordinates":[-65.987141,18.398237]}},{"properties":{"city":"Carolina","sucursal":"Plaza Carolina *","country":"Puerto Rico","geo_score":0.429,"postal code":"PR00985","opening table":"Lunes-Viernes;9:00 AM - 3:00 PM (V;Sabado;9:00 AM - 1:00 PM","fax":"787-257-1810","telephone":"787-752-7676","id":"ae52waj6vyws","address":"Ave. JesȲs M. Fragoso, Plaza Carolina Mall Nivel 2","geo_precision":"street"},"type":"Feature","geometry":{"type":"Point","coordinates":[-66.030459,18.442854]}},{"properties":{"city":"Cayey","sucursal":"Cayey *","country":"Puerto Rico","geo_score":0.286,"postal code":"PR00736","opening table":"Lunes-Viernes;8:30 AM - 3:00 PM (V;Sabado;9:00 AM - 12:00 M;Auto Banco (L-V);8:30 AM - 3:00 PM (V;Auto Banco (S);9:00 AM-12:00 M","fax":"787-738-3727","telephone":"787-738-5262","id":"ae52was63ljy","address":"Carretera 1 Km. 57.5 Lote 3 Bo. Montellano","geo_precision":"street"},"type":"Feature","geometry":{"type":"Point","coordinates":[-65.636241,18.330243]}},{"properties":{"city":"Cidra","sucursal":"Cidra","country":"Puerto Rico","geo_score":0.615,"postal code":"PR00739","opening table":"Lunes-Viernes;8:30 AM-3:00 PM","fax":"787-739-4686","telephone":"787-739-8122","id":"ae52waudpshc","address":"Calle Palmer 15","geo_precision":"street"},"type":"Feature","geometry":{"type":"Point","coordinates":[-65.900413,18.379749]}},{"properties":{"city":"Corozal","sucursal":"Corozal","country":"Puerto Rico","geo_score":0.657,"postal code":"PR00783","opening table":"Lunes-Viernes;8:30 AM-3:00 PM","fax":"787-859-4913","telephone":"787-859-2400","id":"ae52wamypr8h","address":"Calle Cervantes 6","geo_precision":"street"},"type":"Feature","geometry":{"type":"Point","coordinates":[-66.31732,18.340978]}},{"properties":{"city":"Dorado","sucursal":"Dorado *","country":"Puerto Rico","geo_score":0.343,"postal code":"PR00646","opening table":"Lunes-Viernes;8:30 AM - 3:00 PM (V;Sabado;9:00 AM - 12:00 M;Auto Banco (L-V);8:30 AM - 3:00 PM (V;Auto Banco (S);9:00 AM - 12:00 M","fax":"787-796-6359","telephone":"787-796-3435","id":"ae52wasr8jtg","address":"Dorado del Mar Shopping Center","geo_precision":"street"},"type":"Feature","geometry":{"type":"Point","coordinates":[-67.168493,18.393518]}},{"properties":{"city":"Fajardo","sucursal":"Fajardo","country":"Puerto Rico","geo_score":0.512,"postal code":"PR00738","opening table":"Lunes-Viernes;8:30 AM-3:00 PM (Vie;Auto Banco (L-V);8:30 AM - 3:00 PM (V","fax":"787-860-3006","telephone":"787-863-4055","id":"ae52watgk24x","address":"Fajardo Shopping Center Carr. Estatal 3 Km. 44.9","geo_precision":"range"},"type":"Feature","geometry":{"type":"Point","coordinates":[-66.628548,18.012514]}},{"properties":{"city":"Guayama","sucursal":"La Fuente Town Center *","country":"Puerto Rico","geo_score":0.543,"postal code":"PR00784","opening table":"Lunes-Viernes;9:00 AM - 3:00 PM (V;Sabado;9:00 AM - 12:00 M;Auto Banco (L-V);9:00 AM - 3:00 PM (V;Auto Banco (S);9:00 AM - 12:00 M","fax":"787-866-5140","telephone":"787-866-5100","id":"ae52was6idvv","address":"Ave. Albizu Campos Calle Jose A. Torres","geo_precision":"street"},"type":"Feature","geometry":{"type":"Point","coordinates":[-65.653961,18.330766]}},{"properties":{"city":"Guaynabo","sucursal":"Guaynabo I","country":"Puerto Rico","geo_score":0.646,"postal code":"PR00969","opening table":"Lunes-Viernes;8:30 AM-3:00 PM;Auto Banco (L-V);8:30 AM-3:00 PM","fax":"787-720-8808","telephone":"787-720-9500","id":"ae52wahgibu6","address":"Plazoleta Las Cumbres, Lote 1 Ave. Las Cumbres, Carr. P.R. 199 Km 6.7 Barrio Santa Rosa","geo_precision":"range"},"type":"Feature","geometry":{"type":"Point","coordinates":[-66.118663,18.358275]}},{"properties":{"city":"Guaynabo","sucursal":"Guaynabo II *","country":"Puerto Rico","geo_score":0.725,"postal code":"PR00969","opening table":"Lunes-Viernes;9:00 AM - 3:00 PM (V;Sabado;9:00 AM - 12:00 M;Auto Banco (L-V);9:00 AM - 3:00 PM (V;Auto Banco (S);9:00 AM-12:00 M","fax":"787-720-2600","telephone":"787-720-7485","id":"ae52wav8x2cg","address":"Ponce de Leon Shopping Center Ave. Esmeralda Esq. Lopategui","geo_precision":"street"},"type":"Feature","geometry":{"type":"Point","coordinates":[-66.09789,18.373203]}},{"properties":{"city":"Guaynabo","sucursal":"San Patricio","country":"Puerto Rico","geo_score":0.75,"postal code":"PR00657","opening table":"Lunes-Viernes;8:30 AM-3:00 PM;Auto Banco (L-V);8:30 AM-3:00 PM","fax":"787-793-7524","telephone":"787-793-7510","id":"ae52wajc8hnn","address":"Calle Tabonuco B4, Local 8 Santander Tower, San Patricio","geo_precision":"street"},"type":"Feature","geometry":{"type":"Point","coordinates":[-66.102892,18.407525]}},{"properties":{"city":"Guaynabo","sucursal":"Torrimar *","country":"Puerto Rico","geo_score":0.342,"postal code":"PR00965","opening table":"Lunes-Viernes;9:00 AM - 3:00 PM (V;Sabado;9:00 AM-12:00 M;Auto Banco (L-V);9:00 AM - 3:00 PM (V;Auto Banco (S);9:00 AM-12:00 M","fax":"787-781-6465","telephone":"787-781-1615","id":"ae52wawo6o5w","address":"Ave. Ramirez de Arellano Torrimar Shopping Center","geo_precision":"range"},"type":"Feature","geometry":{"type":"Point","coordinates":[-66.116954,18.386059]}},{"properties":{"city":"Humacao","sucursal":"Plaza Palma Real Humacao *","country":"Puerto Rico","geo_score":0.512,"postal code":"PR00791","opening table":"Lunes-Viernes;9:00 AM - 3:00 PM (V;Sabado;9:00 AM - 12:00 M;Auto Banco (L-V);9:00 AM - 3:00 PM (V;Auto Banco (S);9:00 AM - 12:00 M","fax":"787-285-0445","telephone":"787-285-0333","id":"ae52waoj51zc","address":"Palma Real Mall Carr. 3","geo_precision":"range"},"type":"Feature","geometry":{"type":"Point","coordinates":[-66.117254,17.982946]}},{"properties":{"city":"Isabela","sucursal":"Isabela","country":"Puerto Rico","geo_score":0.403,"postal code":"PR00662","opening table":"Lunes-Viernes;8:30 AM-3:00 PM","fax":"787-872-5474","telephone":"787-872-2050","id":"ae52wai254s1","address":"Calle Barbosa 19 Esq. Jose A. Vargas","geo_precision":"street"},"type":"Feature","geometry":{"type":"Point","coordinates":[-66.167095,18.113553]}},{"properties":{"city":"Juana Diaz","sucursal":"Juana Diaz","country":"Puerto Rico","geo_score":0.619,"postal code":"PR00795","opening table":"Lunes-Viernes;8:30 AM-3:00 PM","fax":"787-837-6116","telephone":"787-837-3030","id":"ae52walvq7pq","address":"Calle Degetau Esq. Carrion Maduro","geo_precision":"street"},"type":"Feature","geometry":{"type":"Point","coordinates":[-66.849789,18.032089]}},{"properties":{"city":"Juncos","sucursal":"Juncos","country":"Puerto Rico","geo_score":0.543,"postal code":"PR00777","opening table":"Lunes-Viernes;8:30 AM-3:00 PM","fax":"787-734-3366","telephone":"787-734-8249","id":"ae52wakqwufl","address":"Calle Lope Hormazabal 43 Urb. Madrid","geo_precision":"street"},"type":"Feature","geometry":{"type":"Point","coordinates":[-66.030174,18.2311]}},{"properties":{"city":"Lares","sucursal":"Lares","country":"Puerto Rico","geo_score":0.451,"postal code":"PR00669","opening table":"Lunes-Viernes;8:30 AM-3:00 PM","fax":"787-897-4408","telephone":"787-897-3033","id":"ae52walk00ye","address":"Calle Vilella 6","geo_precision":"street"},"type":"Feature","geometry":{"type":"Point","coordinates":[-66.314264,18.413052]}},{"properties":{"city":"Manati","sucursal":"Manati *","country":"Puerto Rico","geo_score":0.286,"postal code":"PR00674","opening table":"Lunes-Viernes;8:30 AM - 3:00 PM (V;Sabado;9:00 AM - 12:00 M;Auto Banco (L-V);8:30 AM - 3:00 PM (V;Auto Banco (S);9:00 AM - 12:00 M","fax":"787-854-1717","telephone":"787-854-2727","id":"ae52wai8htq6","address":"Carr. 2 Esq. Patriota Pozo","geo_precision":"street"},"type":"Feature","geometry":{"type":"Point","coordinates":[-67.154896,18.432917]}},{"properties":{"city":"Mayagȹez","sucursal":"Mayagȹez Mall *","country":"Puerto Rico","geo_score":0.0,"postal code":"PR00680","opening table":"Lunes-Viernes;9:00 AM - 3:00 PM (V;Sabado;9:00 AM - 1:00 PM","fax":"787-833-2302","telephone":"787-833-2020","id":"ae52walqpld6","address":"Carr 2","geo_precision":"unmatched"},"type":"Feature","geometry":null},{"properties":{"city":"Mayagȹez","sucursal":"Mayagȹez Pueblo","country":"Puerto Rico","geo_score":0.0,"postal code":"PR00680","opening table":"Lunes-Viernes;8:30 AM-3:00 PM;Auto Banco (L-V);8:30 AM - 3:00 PM (V","fax":"787-834-7152","telephone":"787-834-0545","id":"ae52waw0i2an","address":"Calle Mendez Vigo 5 Esq. Dr. Basora","geo_precision":"unmatched"},"type":"Feature","geometry":null},{"properties":{"city":"Ponce","sucursal":"Ponce by Pass *","country":"Puerto Rico","geo_score":0.429,"postal code":"PR00731","opening table":"Lunes-Viernes;8:30 AM - 3:00 PM (V;Sabado;9:00 AM - 12:00 M;Auto Banco (L-V);8:30 AM - 3:00 PM (V;Auto Banco (S);9:00 AM - 12:00 M","fax":"787-841-0921","telephone":"787-844-1105","id":"ae52wausdgrn","address":"Carr. 2 Km. 260.4 Bo. Canas Urb. Villa Real","geo_precision":"street"},"type":"Feature","geometry":{"type":"Point","coordinates":[-66.577336,18.037529]}},{"properties":{"city":"Ponce","sucursal":"Ponce Plaza","country":"Puerto Rico","geo_score":0.543,"postal code":"PR00731","opening table":"Lunes-Viernes;8:30 AM-3:00 PM","fax":"787-848-5961","telephone":"787-844-1010","id":"ae52waktqtkm","address":"Plaza Degetau Esq. Paseo Antonio Arias","geo_precision":"street"},"type":"Feature","geometry":{"type":"Point","coordinates":[-66.622436,17.981137]}},{"properties":{"city":"Ponce","sucursal":"Ponce Plaza del Caribe Shopping Center *","country":"Puerto Rico","geo_score":0.429,"postal code":"PR00071","opening table":"Lunes-Viernes;9:00 AM - 3:00 PM (V;Sabado;9:00 AM - 1:00 PM","fax":"787-259-2360","telephone":"787-259-2300","id":"ae52wausl5xr","address":"2050 Carr. 2, Ponce Plaza del Caribe Shopping Center Local 173","geo_precision":"street"},"type":"Feature","geometry":{"type":"Point","coordinates":[-66.589238,18.009923]}},{"properties":{"city":"Rio Piedras","sucursal":"Sucursal Plaza Universitaria","country":"Puerto Rico","geo_score":0.429,"postal code":"PR00927","opening table":"Lunes-Viernes;8:30 AM-3:00 PM","fax":"787-625-8209","telephone":"787-625-8205","id":"ae52wankuc9d","address":"Ave. Ponce de Leon Esq. Ave. Universidad 3","geo_precision":"street"},"type":"Feature","geometry":{"type":"Point","coordinates":[-66.033878,18.40198]}},{"properties":{"city":"San German","sucursal":"San German","country":"Puerto Rico","geo_score":0.481,"postal code":"PR00683","opening table":"Lunes-Viernes;8:30 AM - 3:00 PM (V;Auto Banco (L-V);8:30 AM - 3:00 PM","fax":"787-892-3952","telephone":"787-892-5656","id":"ae52waikqk45","address":"Calle Luna 191 Urb. El Retiro","geo_precision":"street"},"type":"Feature","geometry":{"type":"Point","coordinates":[-67.177128,18.383058]}},{"properties":{"city":"San Juan","sucursal":"65 Infanteria","country":"Puerto Rico","geo_score":0.482,"postal code":"PR00926","opening table":"Lunes-Viernes;8:30 AM-3:00 PM;Auto Banco (L-V);8:30 AM - 3:00 PM","fax":"787-751-5012","telephone":"787-766-4045","id":"ae52was7opss","address":"Ave. 65 Infanteria Esq. Calle 13 Ext. San Agustin Rio Piedras","geo_precision":"street"},"type":"Feature","geometry":{"type":"Point","coordinates":[-66.065472,18.3775]}},{"properties":{"city":"San Juan","sucursal":"Avenida Pinero II","country":"Puerto Rico","geo_score":0.429,"postal code":"PR00921","opening table":"Lunes-Viernes;8:30 AM-3:00 PM;Auto Banco (L-V);8:30 AM - 3:00 PM","fax":"787-781-6689","telephone":"787-781-6435","id":"ae52waj8m0i2","address":"Ave. JesȲs T. Pinero 1421-23 Puerto Nuevo","geo_precision":"street"},"type":"Feature","geometry":{"type":"Point","coordinates":[-66.04096,18.402706]}},{"properties":{"city":"San Juan","sucursal":"Barbosa","country":"Puerto Rico","geo_score":0.545,"postal code":"PR00923","opening table":"Lunes-Viernes;8:30 AM-3:00 PM","fax":"787-767-2037","telephone":"787-763-1895","id":"ae52waqmx9vi","address":"Ave. Barbosa Esq. Calle America 394 Hato Rey","geo_precision":"street"},"type":"Feature","geometry":{"type":"Point","coordinates":[-66.045637,18.430782]}},{"properties":{"city":"San Juan","sucursal":"Calle Loiza *","country":"Puerto Rico","geo_score":0.643,"postal code":"PR00911","opening table":"Lunes-Viernes;8:30 AM - 3:00 PM (V;Sabado;9:00 AM-12:00 PM;Auto Banco (L-V);8:30 AM - 3:00 PM (V;Auto Banco (S);9:00 AM-12:00 PM","fax":"787-721-8523","telephone":"787-728-2240","id":"ae52war0gwcw","address":"Calle Loiza 1608 Esq. Calle San Jorge Santurce","geo_precision":"street"},"type":"Feature","geometry":{"type":"Point","coordinates":[-66.061686,18.451783]}},{"properties":{"city":"San Juan","sucursal":"Domenech","country":"Puerto Rico","geo_score":0.19,"postal code":"PR00918","opening table":"Lunes-Viernes;8:30 AM - 3:00 PM;Auto Banco (L-V);8:30 AM - 3:00 PM","fax":"787-250-1621","telephone":"787-766-1135","id":"ae52wauq1iub","address":"Ave. Domenech 317 Hato Rey","geo_precision":"street"},"type":"Feature","geometry":{"type":"Point","coordinates":[-66.162499,18.363044]}},{"properties":{"city":"San Juan","sucursal":"Montehiedra Town Center *","country":"Puerto Rico","geo_score":0.53,"postal code":"PR00926","opening table":"Lunes-Viernes;9:00 AM - 3:00 PM (V;Sabado;9:00 AM - 1:00 PM","fax":"787-287-3137","telephone":"787-287-3131","id":"ae52wai5te30","address":"Avenida Los Romeros Local D-10 Rio Piedras","geo_precision":"street"},"type":"Feature","geometry":{"type":"Point","coordinates":[-66.020526,18.406895]}},{"properties":{"city":"San Juan","sucursal":"Plaza las Americas *","country":"Puerto Rico","geo_score":0.514,"postal code":"PR00918","opening table":"Lunes-Viernes;9:00 AM - 3:00 PM (V;Sabado;9:00 AM - 1:00 PM","fax":"787-751-5555","telephone":"787-756-7777","id":"ae52wakfnb9w","address":"525 AV F.D. Roosevelt, Plaza las Americas Mall, Nivel 1, Hato Rey","geo_precision":"street"},"type":"Feature","geometry":{"type":"Point","coordinates":[-66.054017,18.438853]}},{"properties":{"city":"San Juan","sucursal":"Ponce de Leon","country":"Puerto Rico","geo_score":0.514,"postal code":"PR00917","opening table":"Lunes-Viernes;8:30 AM-3:00 PM;Auto Banco (L-V);8:30 AM - 3:00 PM","fax":"787-766-1437","telephone":"787-759-7070","id":"ae52wajy7y0t","address":"Ave Ponce de Leon 207 Hato Rey","geo_precision":"street"},"type":"Feature","geometry":{"type":"Point","coordinates":[-66.048461,18.394742]}},{"properties":{"city":"San Juan","sucursal":"Puerto Nuevo","country":"Puerto Rico","geo_score":0.686,"postal code":"PR00921","opening table":"Lunes-Viernes;8:30 AM - 3:00 PM;Auto Banco (L-V);8:30 AM - 3:00 PM","fax":"787-749-0211","telephone":"787-782-1385","id":"ae52waqyy0a1","address":"Ave. De Diego 401 Puerto Nuevo","geo_precision":"street"},"type":"Feature","geometry":{"type":"Point","coordinates":[-66.054017,18.438853]}},{"properties":{"city":"San Juan","sucursal":"San Juan","country":"Puerto Rico","geo_score":0.725,"postal code":"PR00901","opening table":"Lunes-Viernes;8:30 AM-3:00 PM (Vie","fax":"787 724-6827","telephone":"787-721-3030","id":"ae52wasjhb6y","address":"Calle Recinto Sur Esq. Comercio Local 9 Esq. San Justo","geo_precision":"street"},"type":"Feature","geometry":{"type":"Point","coordinates":[-66.115749,18.46699]}},{"properties":{"city":"San Sebastian","sucursal":"San Sebastian","country":"Puerto Rico","geo_score":0.558,"postal code":"PR00685","opening table":"Lunes-Viernes;8:30 AM-3:00 PM;Auto Banco (L-V);8:30 AM - 3:00 PM","fax":"787-896-6988","telephone":"787-896-1050","id":"ae52wajbssy1","address":"Calle Ruiz Belvis Esq. Miramar","geo_precision":"street"},"type":"Feature","geometry":{"type":"Point","coordinates":[-66.736048,18.472011]}},{"properties":{"city":"Santa Isabel","sucursal":"Santa Isabel *","country":"Puerto Rico","geo_score":0.39,"postal code":"PR00757","opening table":"Lunes-Viernes;9:00 AM - 3:00 PM (V;Sabado;9:00 AM - 12:00 M;Auto Banco (L-V);9:00 AM - 3:00 PM (V;Auto Banco (S);9:00 AM - 12:00 M","fax":"787-845-0140","telephone":"787-845-0105","id":"ae52wamxvhou","address":"Plaza Santa Isabel, Carr. 153 KM 7.8","geo_precision":"range"},"type":"Feature","geometry":{"type":"Point","coordinates":[-66.40627,17.968655]}},{"properties":{"city":"Toa Baja","sucursal":"Levittown","country":"Puerto Rico","geo_score":0.347,"postal code":"PR00748","opening table":"Lunes-Viernes;8:30 AM-3:00 PM;Auto Banco (L-V);8:30 AM - 3:00 PM;Auto Banco (S)","fax":"787-795-4675","telephone":"787-784-6665","id":"ae52warjhz6m","address":"Centro Comercial Los Dominicos Ave. Boulevard","geo_precision":"street"},"type":"Feature","geometry":{"type":"Point","coordinates":[-66.178773,18.447518]}},{"properties":{"city":"Utuado","sucursal":"Utuado","country":"Puerto Rico","geo_score":0.571,"postal code":"PR00641","opening table":"Lunes-Viernes;8:30 AM-3:00 PM","fax":"787-894-1865","telephone":"787-894-2335","id":"ae52wah7tm14","address":"Calle Dr. Cueto 57A","geo_precision":"street"},"type":"Feature","geometry":{"type":"Point","coordinates":[-66.065005,17.971439]}},{"properties":{"city":"Vega Baja","sucursal":"Vega Baja","country":"Puerto Rico","geo_score":0.286,"postal code":"PR00763","opening table":"Lunes-Viernes;8:30 AM-3:00 PM;Auto Banco (L-V);8:30 AM-3:00 PM","fax":"787-858-5011","telephone":"787-858-2475","id":"ae52walu09y0","address":"Carr. 2 Km. 37.2 Bo. Caribe Esq. Carr. Estatal 688","geo_precision":"street"},"type":"Feature","geometry":{"type":"Point","coordinates":[-66.066521,17.971612]}},{"properties":{"city":"Yauco","sucursal":"Yauco *","country":"Puerto Rico","geo_score":0.714,"postal code":"PR00698","opening table":"Lunes-Viernes;9:00 AM - 3:00 PM (V;Sabado;9:00 AM - 12:00 M;Auto Banco (L-V);9:00 AM - 3:00 PM (V;Auto Banco (S);9:00 AM - 12:00 M","fax":"787-856-7621","telephone":"787-856-0300","id":"ae52wanb7dw8","address":"Yauco Plaza 121","geo_precision":"city"},"type":"Feature","geometry":{"type":"Point","coordinates":[-66.861164,18.06104]}}],"is_temporal":false,"author":{"url":"","metadata":"","contact_name":"","contact_address":"","source":"","contact_phone":""},"source":"","pagination":{"sort":null,"start":0,"total":54,"limit":1000000},"state":"complete","tags":"banco","published":"2014-08-16T20:01:03-04:00","id":354555}