{"type":"FeatureCollection","data_type":"Dataset","url_type":null,"permissions":[{"permissions":{"download":true,"view":true},"group_id":"everyone"}],"classification":null,"title":"FQHC Site List OPCA.xlsx","count":173,"stream_id":368468,"contributor":{"url":"http://geocommons.com/users/75438","name":"demchak"},"data_attributes":null,"calculation_params":null,"icon_link":null,"link":"http://geocommons.com/overlays/368468.json","extent":[-124.237,42.1668,-119.707,46.1889],"geometry_types":["point"],"unique_name":null,"name":"FQHC Site List OPCA.xlsx","feature_count":173,"description":"","next_feature":null,"is_raster":false,"short_classification":"Y","stats":{"string":{"max":97874,"variance":36005.562978895,"mean":97300.549132948,"stdev":189.751318780384,"min":97005,"median":97227}},"features":[{"properties":{"name":"Asher Community Health Center","description":"Site Name: ASHER CLINIC\nDate Site was Added to Scope: 01/12/2004\nPhysical Address: 712 JAY STREET, FOSSIL, OR 97830\nPhysical City: FOSSIL\nPhysical ZipCode: 97830","id":"af4i5jj0bvht","string":97830},"type":"Feature","geometry":{"type":"Point","coordinates":[-120.2124133,44.9988771]}},{"properties":{"name":"Asher Community Health Center","description":"Site Name: MITCHELL SATELLITE CLINIC\nDate Site was Added to Scope: 04/28/2006\nPhysical Address: 340 SE HIGH STREET, MITCHELL, OR 97750-0000\nPhysical City: MITCHELL\nPhysical ZipCode: 97750","id":"af4i5jgmgw0u","string":97750},"type":"Feature","geometry":{"type":"Point","coordinates":[-120.152747,44.5657228]}},{"properties":{"name":"Asher Community Health Center","description":"Site Name: SPRAY SATELLITE CLINIC\nDate Site was Added to Scope: 03/27/2007\nPhysical Address: 106 2ND STREET, SPRAY, OR 97874-0000\nPhysical City: SPRAY\nPhysical ZipCode: 97874","id":"af4i5jpb9xmd","string":97874},"type":"Feature","geometry":{"type":"Point","coordinates":[-119.7917971,44.8293115]}},{"properties":{"name":"CENTRAL CITY CONCERN","description":"Site Name: CCC Recovery Center\nDate Site was Added to Scope: 01/12/2004\nPhysical Address: 726 W Burnside St, Portland, OR 97209-3515\nPhysical City: Portland\nPhysical ZipCode: 97209","id":"af4i5jn6519l","string":97209},"type":"Feature","geometry":{"type":"Point","coordinates":[-122.678002,45.5228642]}},{"properties":{"name":"CENTRAL CITY CONCERN","description":"Site Name: CEP CONSUMER CENTER\nDate Site was Added to Scope: 01/10/2003\nPhysical Address: 610 NW Davis St, Portland, OR 97209-3617\nPhysical City: Portland\nPhysical ZipCode: 97209","id":"af4i5jpapkag","string":97209},"type":"Feature","geometry":{"type":"Point","coordinates":[-122.6767832,45.5243105]}},{"properties":{"name":"CENTRAL CITY CONCERN","description":"Site Name: Community Engagement Program (CEP)\nDate Site was Added to Scope: 01/20/2008\nPhysical Address: 709 NW Everett St, Portland, OR 97209-3517\nPhysical City: Portland\nPhysical ZipCode: 97209","id":"af4i5jou9x2i","string":97209},"type":"Feature","geometry":{"type":"Point","coordinates":[-122.6774472,45.5251942]}},{"properties":{"name":"CENTRAL CITY CONCERN","description":"Site Name: Hooper Detoxification and Stabilization Center\nDate Site was Added to Scope: 06/29/2009\nPhysical Address: 10 N. Weidler St, Portland, OR 97227-1830\nPhysical City: Portland\nPhysical ZipCode: 97227","id":"af4i5jvkycum","string":97227},"type":"Feature","geometry":{"type":"Point","coordinates":[-122.6669266,45.5341943]}},{"properties":{"name":"CENTRAL CITY CONCERN","description":"Site Name: HOOPER SOBERING CENTER\nDate Site was Added to Scope: 01/06/1971\nPhysical Address: 20 NE M L King Blvd, Portland, OR 97232-2941\nPhysical City: Portland\nPhysical ZipCode: 97232","id":"af4i5js2tnj2","string":97232},"type":"Feature","geometry":{"type":"Point","coordinates":[-122.6614695,45.5235057]}},{"properties":{"name":"CENTRAL CITY CONCERN","description":"Site Name: LETTY OWINGS CENTER\nDate Site was Added to Scope: 01/05/1989\nPhysical Address: 2545 NE FLANDERS ST, PORTLAND, OR 97232-3139\nPhysical City: PORTLAND\nPhysical ZipCode: 97232","id":"af4i5jjhbhif","string":97232},"type":"Feature","geometry":{"type":"Point","coordinates":[-122.639478,45.52608]}},{"properties":{"name":"CENTRAL CITY CONCERN","description":"Site Name: Old Town Clinic\nDate Site was Added to Scope: 01/06/1990\nPhysical Address: 727 W BURNSIDE AVE, PORTLAND, OR 97209-3514\nPhysical City: PORTLAND\nPhysical ZipCode: 97209","id":"af4i5jlvgtgj","string":97209},"type":"Feature","geometry":{"type":"Point","coordinates":[-122.6781479,45.5232133]}},{"properties":{"name":"CENTRAL CITY CONCERN","description":"Site Name: Old Town Recovery Center\nDate Site was Added to Scope: 10/03/2011\nPhysical Address: 33 NW Broadway, Portland, OR 97209-3514\nPhysical City: Portland\nPhysical ZipCode: 97209","id":"af4i5jup0e3e","string":97209},"type":"Feature","geometry":{"type":"Point","coordinates":[-122.6774362,45.5233354]}},{"properties":{"name":"CENTRAL CITY CONCERN","description":"Site Name: Puentes\nDate Site was Added to Scope: 09/29/2010\nPhysical Address: 231 SE 12th, Portland, OR 97214-1342\nPhysical City: Portland\nPhysical ZipCode: 97214","id":"af4i5jsnmwym","string":97214},"type":"Feature","geometry":{"type":"Point","coordinates":[-122.653932,45.520995]}},{"properties":{"name":"CENTRAL CITY CONCERN","description":"Site Name: THE HENRY BUILDING\nDate Site was Added to Scope: 01/11/2006\nPhysical Address: 309 SW 4TH STREET, PORTLAND, OR 97204-2344\nPhysical City: PORTLAND\nPhysical ZipCode: 97204","id":"af4i5js12myo","string":97204},"type":"Feature","geometry":{"type":"Point","coordinates":[-122.675554,45.521081]}},{"properties":{"name":"CLACKAMAS COUNTY COMMUNITY HEALTH DIVISION","description":"Site Name: Beavercreek Center\nDate Site was Added to Scope: 01/01/1988\nPhysical Address: 1425 Beavercreek Rd, Oregon City, OR 97045-4076\nPhysical City: Oregon City\nPhysical ZipCode: 97045","id":"af4i5jnu3t65","string":97045},"type":"Feature","geometry":{"type":"Point","coordinates":[-122.599054,45.3357447]}},{"properties":{"name":"CLACKAMAS COUNTY COMMUNITY HEALTH DIVISION","description":"Site Name: Canby School Based Health Center\nDate Site was Added to Scope: 01/05/2011\nPhysical Address: 721 SW    4th Ave, Canby, OR 97013-3908\nPhysical City: Canby\nPhysical ZipCode: 97013","id":"af4i5jgwkrov","string":97013},"type":"Feature","geometry":{"type":"Point","coordinates":[-122.700784,45.256492]}},{"properties":{"name":"CLACKAMAS COUNTY COMMUNITY HEALTH DIVISION","description":"Site Name: Gladstone Community Clinic\nDate Site was Added to Scope: 06/29/2009\nPhysical Address: 18905 Portland Ave, Gladstone, OR 97027-1630\nPhysical City: Gladstone\nPhysical ZipCode: 97027","id":"af4i5jisf4os","string":97027},"type":"Feature","geometry":{"type":"Point","coordinates":[-122.598403,45.384759]}},{"properties":{"name":"CLACKAMAS COUNTY COMMUNITY HEALTH DIVISION","description":"Site Name: Oregon City Beavercreek Clinic - Dental Services\nDate Site was Added to Scope: 06/29/2009\nPhysical Address: 1425 Beavercreek Rd, Oregon City, OR 97045-4076\nPhysical City: Oregon City\nPhysical ZipCode: 97045","id":"af4i5jitpl5u","string":97045},"type":"Feature","geometry":{"type":"Point","coordinates":[-122.599054,45.3357447]}},{"properties":{"name":"CLACKAMAS COUNTY COMMUNITY HEALTH DIVISION","description":"Site Name: OREGON CITY HIGH SCHOOL\nDate Site was Added to Scope: 01/01/1998\nPhysical Address: 19761 Beavercreek Rd, Oregon City, OR 97045-9557\nPhysical City: Oregon City\nPhysical ZipCode: 97045","id":"af4i5jlvqmtw","string":97045},"type":"Feature","geometry":{"type":"Point","coordinates":[-122.559226,45.3207975]}},{"properties":{"name":"CLACKAMAS COUNTY COMMUNITY HEALTH DIVISION","description":"Site Name: OREGON CITY HILLTOP CENTER\nDate Site was Added to Scope: 01/11/2006\nPhysical Address: 998 Library Ct, Oregon City, OR 97045-4041\nPhysical City: Oregon City\nPhysical ZipCode: 97045","id":"af4i5jvkv2dp","string":97045},"type":"Feature","geometry":{"type":"Point","coordinates":[-122.6009697,45.334289]}},{"properties":{"name":"CLACKAMAS COUNTY COMMUNITY HEALTH DIVISION","description":"Site Name: SANDY CENTER\nDate Site was Added to Scope: 01/01/1991\nPhysical Address: 38872 Proctor Blvd, Sandy, OR 97055-8035\nPhysical City: Sandy\nPhysical ZipCode: 97055","id":"af4i5jmwwpk7","string":97055},"type":"Feature","geometry":{"type":"Point","coordinates":[-122.263262,45.396989]}},{"properties":{"name":"CLACKAMAS COUNTY COMMUNITY HEALTH DIVISION","description":"Site Name: STEWART COMMUNITY CENTER\nDate Site was Added to Scope: 01/11/2006\nPhysical Address: 1002 Library Ct, Oregon City, OR 97045-4066\nPhysical City: Oregon City\nPhysical ZipCode: 97045","id":"af4i5jr7lmrr","string":97045},"type":"Feature","geometry":{"type":"Point","coordinates":[-122.5984393,45.334634]}},{"properties":{"name":"CLACKAMAS COUNTY COMMUNITY HEALTH DIVISION","description":"Site Name: Sunnyside Community Health Clinic\nDate Site was Added to Scope: 03/25/2012\nPhysical Address: 9775 SE Sunnyside Dr, Happy Valley, Clackamas, Oregon 97086\nPhysical City: Happy Valley\nPhysical ZipCode: 97086","id":"af4i5jgwr0n2","string":97086},"type":"Feature","geometry":{"type":"Point","coordinates":[-122.5792004,45.4336468]}},{"properties":{"name":"CLACKAMAS COUNTY COMMUNITY HEALTH DIVISION","description":"Site Name: TERRITORIAL CENTER\nDate Site was Added to Scope: 01/11/2006\nPhysical Address: 524 Main St, Oregon City, OR 97045-1824\nPhysical City: Oregon City\nPhysical ZipCode: 97045","id":"af4i5jl9sxah","string":97045},"type":"Feature","geometry":{"type":"Point","coordinates":[-122.6091565,45.3569305]}},{"properties":{"name":"COASTAL FAMILY HEALTH CENTER","description":"Site Name: COASTAL FAMILY HEALTH CENTER\nDate Site was Added to Scope: 01/01/2003\nPhysical Address: 2158 Exchange Street, Astoria, OR 97103\nPhysical City: Astoria\nPhysical ZipCode: 97103","id":"af4i5js0jt17","string":97103},"type":"Feature","geometry":{"type":"Point","coordinates":[-123.8177804,46.1888764]}},{"properties":{"name":"Columbia River Community Health Services","description":"Site Name: COLUMBIA RIVER COMMUNITY HEALTH SERVICES\nDate Site was Added to Scope: 01/03/2005\nPhysical Address: 201 Kinkade Road, Boardman, OR 97818\nPhysical City: Boardman\nPhysical ZipCode: 97818","id":"af4i5jvpmh8a","string":97818},"type":"Feature","geometry":{"type":"Point","coordinates":[-119.706563,45.8316129]}},{"properties":{"name":"Community Health Center","description":"Site Name: Community Health Center - Butte Falls\nDate Site was Added to Scope: 07/27/2011\nPhysical Address: 722 Laurel Ave, Butte Falls, OR 97522\nPhysical City: Butte Falls\nPhysical ZipCode: 97522","id":"af4i5jlw128o","string":97522},"type":"Feature","geometry":{"type":"Point","coordinates":[-122.5645305,42.5409621]}},{"properties":{"name":"Community Health Center","description":"Site Name: COMMUNITY HEALTH CENTER - MEDFORD\nDate Site was Added to Scope: 01/12/2004\nPhysical Address: 19 Myrtle St, Medford, OR 97504-7337\nPhysical City: Medford\nPhysical ZipCode: 97504","id":"af4i5jpg47f5","string":97504},"type":"Feature","geometry":{"type":"Point","coordinates":[-122.8629849,42.3275172]}},{"properties":{"name":"Community Health Center","description":"Site Name: COMMUNITY HEALTH CENTER - UPPER ROGUE\nDate Site was Added to Scope: 11/01/2004\nPhysical Address: 8385 Division Rd, White City, OR 97503-1176\nPhysical City: White City\nPhysical ZipCode: 97503","id":"af4i5jk7mosx","string":97503},"type":"Feature","geometry":{"type":"Point","coordinates":[-122.835518,42.438181]}},{"properties":{"name":"Community Health Center","description":"Site Name: COMMUNITY HEALTH CENTER-ASHLAND\nDate Site was Added to Scope: 01/06/1972\nPhysical Address: 99 Central Ave, Ashland, OR 97520-1787\nPhysical City: Ashland\nPhysical ZipCode: 97520","id":"af4i5jwv91rw","string":97520},"type":"Feature","geometry":{"type":"Point","coordinates":[-122.715,42.200301]}},{"properties":{"name":"Community Health Center","description":"Site Name: School Based Health Center at Eagle Point High School\nDate Site was Added to Scope: 02/29/2012\nPhysical Address: 203 N Platt St, Eagle Point, OR 97524-8618\nPhysical City: Eagle Point\nPhysical ZipCode: 97524","id":"af4i5jsha6ku","string":97524},"type":"Feature","geometry":{"type":"Point","coordinates":[-122.803512,42.475234]}},{"properties":{"name":"Community Health Centers of Benton and Linn Counties","description":"Site Name: BENTON HEALTH CENTER\nDate Site was Added to Scope: 08/31/2004\nPhysical Address: 530 NW   27th St, Corvallis, OR 97330-5223\nPhysical City: Corvallis\nPhysical ZipCode: 97330","id":"af4i5jly0vmg","string":97330},"type":"Feature","geometry":{"type":"Point","coordinates":[-123.2811876,44.573024]}},{"properties":{"name":"Community Health Centers of Benton and Linn Counties","description":"Site Name: Boys and Girls Club of Corvallis\nDate Site was Added to Scope: 05/20/2010\nPhysical Address: 1112 NW Circle Blvd, Corvallis, OR 97330-1462\nPhysical City: Corvallis\nPhysical ZipCode: 97330","id":"af4i5jttq981","string":97330},"type":"Feature","geometry":{"type":"Point","coordinates":[-123.2639041,44.5887161]}},{"properties":{"name":"Community Health Centers of Benton and Linn Counties","description":"Site Name: CHILDREN'S FARM HOME\nDate Site was Added to Scope: 01/06/2006\nPhysical Address: 4455 U.S. 20 Corvallis, OR 97330\nPhysical City: Corvallis\nPhysical ZipCode: 97330","id":"af4i5ju62bhd","string":97330},"type":"Feature","geometry":{"type":"Point","coordinates":[-123.214437,44.608437]}},{"properties":{"name":"Community Health Centers of Benton and Linn Counties","description":"Site Name: East Linn Health Center\nDate Site was Added to Scope: 01/01/2008\nPhysical Address: 55 Twin Oaks Ave STE A1, Lebanon, OR 97355-2805\nPhysical City: Lebanon\nPhysical ZipCode: 97355","id":"af4i5jw9wmfx","string":97355},"type":"Feature","geometry":{"type":"Point","coordinates":[-122.908904,44.548933]}},{"properties":{"name":"Community Health Centers of Benton and Linn Counties","description":"Site Name: LINCOLN HEALTH CENTER\nDate Site was Added to Scope: 01/05/2004\nPhysical Address: 121 Southeast Viewmont AvenueCorvallis, OR 97333\nPhysical City: Corvallis\nPhysical ZipCode: 97333","id":"af4i5juy987p","string":97333},"type":"Feature","geometry":{"type":"Point","coordinates":[-123.2616921,44.5436659]}},{"properties":{"name":"Community Health Centers of Benton and Linn Counties","description":"Site Name: MONROE HEALTH CENTER\nDate Site was Added to Scope: 05/01/2004\nPhysical Address: 610 Dragon Dr, Monroe, OR 97456-9604\nPhysical City: Monroe\nPhysical ZipCode: 97456","id":"af4i5ju9egn8","string":97456},"type":"Feature","geometry":{"type":"Point","coordinates":[-123.299125,44.3105959]}},{"properties":{"name":"Community Health Centers of Benton and Linn Counties","description":"Site Name: NEW BEGINNINGS\nDate Site was Added to Scope: 01/05/2007\nPhysical Address: 557 NW Monroe Ave, Corvallis, OR 97330-4721\nPhysical City: Corvallis\nPhysical ZipCode: 97330","id":"af4i5jsa8lli","string":97330},"type":"Feature","geometry":{"type":"Point","coordinates":[-123.263646,44.565078]}},{"properties":{"name":"KLAMATH HEALTH PARTNERSHIP, INC.","description":"Site Name: CHILOQUIN OPEN DOOR FAMILY PRAC.\nDate Site was Added to Scope: 01/08/2006\nPhysical Address: 103 South Wasco Avenue, Chiloquin, OR 97624\nPhysical City: CHILOQUIN\nPhysical ZipCode: 97624","id":"af4i5jnpkazq","string":97624},"type":"Feature","geometry":{"type":"Point","coordinates":[-121.8665952,42.5776792]}},{"properties":{"name":"KLAMATH HEALTH PARTNERSHIP, INC.","description":"Site Name: Klamath Open Door Family Practice\nDate Site was Added to Scope: 01/11/1997\nPhysical Address: 2074 S 6th St, Klamath Falls, OR 97601-3372\nPhysical City: Klamath Falls\nPhysical ZipCode: 97601","id":"af4i5jkijd2f","string":97601},"type":"Feature","geometry":{"type":"Point","coordinates":[-121.7660563,42.2158415]}},{"properties":{"name":"LA CLINICA DEL CARINO","description":"Site Name: La Clinica del Carino - Hood River\nDate Site was Added to Scope: 01/06/1986\nPhysical Address: 849 Pacific Ave, Hood River, OR 97031-1956\nPhysical City: Hood River\nPhysical ZipCode: 97031","id":"af4i5jn3d7h6","string":97031},"type":"Feature","geometry":{"type":"Point","coordinates":[-121.5189921,45.6966061]}},{"properties":{"name":"LA CLINICA DEL CARINO","description":"Site Name: La Clinica del Carino - The Dalles\nDate Site was Added to Scope: 01/11/2003\nPhysical Address: 425 E    7th St, The Dalles, OR 97058-2607\nPhysical City: The Dalles\nPhysical ZipCode: 97058","id":"af4i5julk4vj","string":97058},"type":"Feature","geometry":{"type":"Point","coordinates":[-121.18278,45.598451]}},{"properties":{"name":"LA CLINICA DEL VALLE FAMILY HEALTH","description":"Site Name: CENTRAL POINT HEALTH CENTER--LA CLINICA DEL VALLE\nDate Site was Added to Scope: 01/01/2008\nPhysical Address: 4900 Hamrick Rd, Central Point, OR 97502\nPhysical City: Central Point\nPhysical ZipCode: 97502","id":"af4i5jv3r524","string":97502},"type":"Feature","geometry":{"type":"Point","coordinates":[-122.891841,42.386423]}},{"properties":{"name":"LA CLINICA DEL VALLE FAMILY HEALTH","description":"Site Name: East Medford Dental Clinic--La Clinica del Valle\nDate Site was Added to Scope: 10/01/2010\nPhysical Address: 1113 Progress Road, Medford, OR 97504-5201\nPhysical City: Medford\nPhysical ZipCode: 97504","id":"af4i5ju1lwmk","string":97504},"type":"Feature","geometry":{"type":"Point","coordinates":[-122.872783,42.345653]}},{"properties":{"name":"LA CLINICA DEL VALLE FAMILY HEALTH","description":"Site Name: Kids Health Connection--Jackson Elementary School\nDate Site was Added to Scope: 01/09/1999\nPhysical Address: 320 W    2nd St, Medford, OR 97501-2514\nPhysical City: Medford\nPhysical ZipCode: 97501","id":"af4i5jrjg9on","string":97501},"type":"Feature","geometry":{"type":"Point","coordinates":[-122.881882,42.329068]}},{"properties":{"name":"LA CLINICA DEL VALLE FAMILY HEALTH","description":"Site Name: Kids Health Connection--Jewett Elementary School\nDate Site was Added to Scope: 07/07/2010\nPhysical Address: 1001 Manzanita St, Central Point, OR 97502-3064\nPhysical City: Central Point\nPhysical ZipCode: 97502","id":"af4i5jofhlhe","string":97502},"type":"Feature","geometry":{"type":"Point","coordinates":[-122.908957,42.3800839]}},{"properties":{"name":"LA CLINICA DEL VALLE FAMILY HEALTH","description":"Site Name: Kids Health Connection--Oak Grove Elementary School\nDate Site was Added to Scope: 09/01/2003\nPhysical Address: 2838 WEst Main Street, Medford, OR 97501-2002\nPhysical City: Medford\nPhysical ZipCode: 97501","id":"af4i5jtyjr71","string":97501},"type":"Feature","geometry":{"type":"Point","coordinates":[-122.909193,42.325163]}},{"properties":{"name":"LA CLINICA DEL VALLE FAMILY HEALTH","description":"Site Name: KIDS HEALTH CONNECTION--PHOENIX ELEMENTARY SCHOOL\nDate Site was Added to Scope: 01/06/2004\nPhysical Address: 215 N. ROSE STREET, PHOENIX, OR 97535\nPhysical City: PHOENIX\nPhysical ZipCode: 97535","id":"af4i5joto0i4","string":97535},"type":"Feature","geometry":{"type":"Point","coordinates":[-122.8183546,42.2721709]}},{"properties":{"name":"LA CLINICA DEL VALLE FAMILY HEALTH","description":"Site Name: KIDS HEALTH CONNECTION--WASHINGTON ELEMENTARY SCHOOL\nDate Site was Added to Scope: 01/09/1999\nPhysical Address: 610 S PEACH ST, MEDFORD, OR 97501-3310\nPhysical City: MEDFORD\nPhysical ZipCode: 97501","id":"af4i5jkh0ks3","string":97501},"type":"Feature","geometry":{"type":"Point","coordinates":[-122.882642,42.3172767]}},{"properties":{"name":"LA CLINICA DEL VALLE FAMILY HEALTH","description":"Site Name: La Clinica Mobile Health Center\nDate Site was Added to Scope: 03/25/2012\nPhysical Address: 3617 S Pacific Hwy, Medford, OR 97501-8957\nPhysical City: Medford\nPhysical ZipCode: 97501","id":"af4i5jiq9evu","string":97501},"type":"Feature","geometry":{"type":"Point","coordinates":[-122.8319068,42.2873862]}},{"properties":{"name":"LA CLINICA DEL VALLE FAMILY HEALTH","description":"Site Name: PHOENIX HEALTH CENTER--LA CLINICA DEL VALLE\nDate Site was Added to Scope: 01/08/1989\nPhysical Address: 3617 S Pacific Hwy, Medford, OR 97501-8957\nPhysical City: Medford\nPhysical ZipCode: 97501","id":"af4i5ju5z40o","string":97501},"type":"Feature","geometry":{"type":"Point","coordinates":[-122.8319068,42.2873862]}},{"properties":{"name":"LA CLINICA DEL VALLE FAMILY HEALTH","description":"Site Name: WEST MEDFORD HEALTH CENTER--LA CLINICA DEL VALLE\nDate Site was Added to Scope: 01/09/2002\nPhysical Address: 1307 W Main St, Medford, OR 97501-2936\nPhysical City: Medford\nPhysical ZipCode: 97501","id":"af4i5jtqdyfv","string":97501},"type":"Feature","geometry":{"type":"Point","coordinates":[-122.886781,42.323423]}},{"properties":{"name":"LA CLINICA DEL VALLE FAMILY HEALTH","description":"Site Name: Women's Health Center--La Clinica del Valle\nDate Site was Added to Scope: 11/10/2008\nPhysical Address: 910 S Central Ave, Medford, OR 97501-7822\nPhysical City: Medford\nPhysical ZipCode: 97501","id":"af4i5jod6md4","string":97501},"type":"Feature","geometry":{"type":"Point","coordinates":[-122.865729,42.318394]}},{"properties":{"name":"LANE COUNTY","description":"Site Name: Charnelton Community Clinic\nDate Site was Added to Scope: 06/29/2009\nPhysical Address: 151 W    7th Ave STE 100, Eugene, OR 97401-2676\nPhysical City: Eugene\nPhysical ZipCode: 97401","id":"af4i5jty7fap","string":97401},"type":"Feature","geometry":{"type":"Point","coordinates":[-123.0957589,44.052203]}},{"properties":{"name":"LANE COUNTY","description":"Site Name: Clocktower Dental Clinic\nDate Site was Added to Scope: 08/30/2007\nPhysical Address: 4000 E   30th Ave, Eugene, OR 97405-0640\nPhysical City: Eugene\nPhysical ZipCode: 97405","id":"af4i5jll1jle","string":97405},"type":"Feature","geometry":{"type":"Point","coordinates":[-123.0342191,44.0098101]}},{"properties":{"name":"LANE COUNTY","description":"Site Name: LANE COUNTY MENTAL HEALTH\nDate Site was Added to Scope: 01/10/2005\nPhysical Address: 2411 Martin Luther King Jr Blvd, Eugene, OR 97401-5824\nPhysical City: Eugene\nPhysical ZipCode: 97401","id":"af4i5josgzrs","string":97401},"type":"Feature","geometry":{"type":"Point","coordinates":[-123.07286,44.060884]}},{"properties":{"name":"LANE COUNTY","description":"Site Name: RiverStone Clinic\nDate Site was Added to Scope: 03/01/2004\nPhysical Address: 1640 G St, Springfield, OR 97477-4226\nPhysical City: Springfield\nPhysical ZipCode: 97477","id":"af4i5jmlgp0t","string":97477},"type":"Feature","geometry":{"type":"Point","coordinates":[-123.000915,44.052574]}},{"properties":{"name":"LANE COUNTY","description":"Site Name: Riverstone Clinic\nDate Site was Added to Scope: 10/01/2010\nPhysical Address: 2073 Olympic St, Springfield, OR 97477-3413\nPhysical City: Springfield\nPhysical ZipCode: 97477","id":"af4i5jh4u9b6","string":97477},"type":"Feature","geometry":{"type":"Point","coordinates":[-122.9944808,44.0596029]}},{"properties":{"name":"LANE COUNTY","description":"Site Name: Safe &amp; Sound Medical Clinic\nDate Site was Added to Scope: 01/20/2004\nPhysical Address: 941 W    7th Ave, Eugene, OR 97402-4611\nPhysical City: Eugene\nPhysical ZipCode: 97402","id":"af4i5jwgnec1","string":97402},"type":"Feature","geometry":{"type":"Point","coordinates":[-123.107039,44.052465]}},{"properties":{"name":"LANE COUNTY","description":"Site Name: Springfield Schools Health Center\nDate Site was Added to Scope: 02/24/2004\nPhysical Address: 1050 10th St, Springfield, OR 97477-4003\nPhysical City: Springfield\nPhysical ZipCode: 97477","id":"af4i5jux7adv","string":97477},"type":"Feature","geometry":{"type":"Point","coordinates":[-123.01467,44.053522]}},{"properties":{"name":"LaPine Community Health Center","description":"Site Name: LaPine Community Health Center\nDate Site was Added to Scope: 03/01/2009\nPhysical Address: 51600 Huntington Rd, La Pine, OR 97739-9626\nPhysical City: La Pine\nPhysical ZipCode: 97739","id":"af4i5jiembbe","string":97739},"type":"Feature","geometry":{"type":"Point","coordinates":[-121.50336,43.67501]}},{"properties":{"name":"Lincoln County Health and Human Services","description":"Site Name: Lincoln City Clinic\nDate Site was Added to Scope: 07/01/2006\nPhysical Address: 4422 NE Devils Lake Blvd \nLincoln City, Oregon 97367-5000\n\nPhysical City: Lincoln City\nPhysical ZipCode: 97367","id":"af4i5jvpm4eb","string":97367},"type":"Feature","geometry":{"type":"Point","coordinates":[-123.9966517,44.9976952]}},{"properties":{"name":"Lincoln County Health and Human Services","description":"Site Name: LINCOLN COUNTY HEALTH AND HUMAN SERVICES\nDate Site was Added to Scope: 07/01/2006\nPhysical Address: 36 SW Nye St, Newport, OR 97365-3821\nPhysical City: Newport\nPhysical ZipCode: 97365","id":"af4i5jo2tp5p","string":97365},"type":"Feature","geometry":{"type":"Point","coordinates":[-124.0558172,44.6360312]}},{"properties":{"name":"Lincoln County Health and Human Services","description":"Site Name: NEWPORT HIGH SCHOOL SBHC\nDate Site was Added to Scope: 12/08/2011\nPhysical Address: 322 NE EADS, NEWPORT, OR 97365-2819\nPhysical City: NEWPORT\nPhysical ZipCode: 97365","id":"af4i5jv01n1q","string":97365},"type":"Feature","geometry":{"type":"Point","coordinates":[-124.0464666,44.63846]}},{"properties":{"name":"Lincoln County Health and Human Services","description":"Site Name: NEWPORT PRIMARY CARE CLINIC\nDate Site was Added to Scope: 04/16/2007\nPhysical Address: 1010 SW Coast Hwy STE 203, Newport, OR 97365-5215\nPhysical City: Newport\nPhysical ZipCode: 97365","id":"af4i5jq08lek","string":97365},"type":"Feature","geometry":{"type":"Point","coordinates":[-124.0614199,44.6271523]}},{"properties":{"name":"Lincoln County Health and Human Services","description":"Site Name: South Beach Behavioral Health Clinic\nDate Site was Added to Scope: 11/11/2007\nPhysical Address: 4909 S Coast Hwy STE 1, South Beach, OR 97366-9667\nPhysical City: South Beach\nPhysical ZipCode: 97366","id":"af4i5jp8j75s","string":97366},"type":"Feature","geometry":{"type":"Point","coordinates":[-124.0555151,44.6030921]}},{"properties":{"name":"Lincoln County Health and Human Services","description":"Site Name: TAFT HIGH SCHOOL SBHC\nDate Site was Added to Scope: 07/01/2006\nPhysical Address: 3780 SE Spy Glass Ridge Dr, Lincoln City, OR 97367-1939\nPhysical City: Lincoln City\nPhysical ZipCode: 97367","id":"af4i5jhsudqf","string":97367},"type":"Feature","geometry":{"type":"Point","coordinates":[-124.0155691,44.9377099]}},{"properties":{"name":"Lincoln County Health and Human Services","description":"Site Name: TOLEDO HIGH SCHOOL HEALTH CTR\nDate Site was Added to Scope: 07/01/2006\nPhysical Address: 1800 NE STURDEVANT RD, TOLEDO, OR 97391-2413\nPhysical City: TOLEDO\nPhysical ZipCode: 97391","id":"af4i5jsopdi3","string":97391},"type":"Feature","geometry":{"type":"Point","coordinates":[-123.9234757,44.633724]}},{"properties":{"name":"Lincoln County Health and Human Services","description":"Site Name: WALDPORT SCHOOL BASE HLTH CTR\nDate Site was Added to Scope: 07/01/2006\nPhysical Address: 320 LOWER CRESTLINE DRIVE, WALDPORT, OR 97394-0000\nPhysical City: WALDPORT\nPhysical ZipCode: 97394","id":"af4i5jwkptxc","string":97394},"type":"Feature","geometry":{"type":"Point","coordinates":[-124.0589711,44.4271273]}},{"properties":{"name":"Mosaic Medical","description":"Site Name: CROOK COUNTY SCHOOL-BASED HEALTH-CRE\nDate Site was Added to Scope: 10/04/2011\nPhysical Address: 641 E 1st St, Prineville, OR 97754-2003\nPhysical City: Prineville\nPhysical ZipCode: 97754","id":"af4i5jomrxw7","string":97754},"type":"Feature","geometry":{"type":"Point","coordinates":[-120.840481,44.3011478]}},{"properties":{"name":"Mosaic Medical","description":"Site Name: MOSAIC MEDICAL BEND\nDate Site was Added to Scope: 01/03/2005\nPhysical Address: 409 NE GREENWOOD AVE, BEND, OR 97701-4636\nPhysical City: Bend\nPhysical ZipCode: 97701","id":"af4i5jtdtt3b","string":97701},"type":"Feature","geometry":{"type":"Point","coordinates":[-121.300316,44.0596419]}},{"properties":{"name":"Mosaic Medical","description":"Site Name: MOSAIC MEDICAL MADRAS\nDate Site was Added to Scope: 01/01/2006\nPhysical Address: 910 U.S. 97, Madras, OR 97741\nPhysical City: Madras\nPhysical ZipCode: 97741","id":"af4i5jrvz8lm","string":97741},"type":"Feature","geometry":{"type":"Point","coordinates":[-121.1313183,44.6223551]}},{"properties":{"name":"Mosaic Medical","description":"Site Name: MOSAIC MEDICAL PRINEVILLE\nDate Site was Added to Scope: 09/03/2002\nPhysical Address: 375 BEAVER STREET, PRINEVILLE, OR 97754-1145\nPhysical City: PRINEVILLE\nPhysical ZipCode: 97754","id":"af4i5jl4z62s","string":97754},"type":"Feature","geometry":{"type":"Point","coordinates":[-120.848699,44.303548]}},{"properties":{"name":"Multnomah County Health Department","description":"Site Name: ALBINA HEAD START\nDate Site was Added to Scope: 07/01/2002\nPhysical Address: 3417 NE    7th Ave, Portland, OR 97212-2111\nPhysical City: Portland\nPhysical ZipCode: 97212","id":"af4i5kb00r4y","string":97212},"type":"Feature","geometry":{"type":"Point","coordinates":[-122.6588856,45.548143]}},{"properties":{"name":"Multnomah County Health Department","description":"Site Name: BINNSMEAD MIDDLE SCHOOL-BASED HEALTH CENTER\nDate Site was Added to Scope: 01/01/2000\nPhysical Address: 2225 SE   87th Ave, Portland, OR 97216-2006\nPhysical City: Portland\nPhysical ZipCode: 97216","id":"af4i5jyb3rh6","string":97216},"type":"Feature","geometry":{"type":"Point","coordinates":[-122.5743662,45.5068565]}},{"properties":{"name":"Multnomah County Health Department","description":"Site Name: CARES NW CENTER\nDate Site was Added to Scope: 07/01/2002\nPhysical Address: 2800 N Vancouver Ave STE 201, Portland, OR 97227-1648\nPhysical City: Portland\nPhysical ZipCode: 97227","id":"af4i5k8v73l5","string":97227},"type":"Feature","geometry":{"type":"Point","coordinates":[-122.6679731,45.5432494]}},{"properties":{"name":"Multnomah County Health Department","description":"Site Name: CENTENNIAL SCHOOL DISTRICT\nDate Site was Added to Scope: 07/01/2002\nPhysical Address: 18135 SE Brooklyn St, Portland, OR 97236-1049\nPhysical City: Portland\nPhysical ZipCode: 97236","id":"af4i5jy19r13","string":97236},"type":"Feature","geometry":{"type":"Point","coordinates":[-122.476666,45.501547]}},{"properties":{"name":"Multnomah County Health Department","description":"Site Name: CLARA VISTA FAMILY RESOURCE CTR\nDate Site was Added to Scope: 07/01/2002\nPhysical Address: 6706 NE Killingsworth St, Portland, OR 97218-3318\nPhysical City: Portland\nPhysical ZipCode: 97218","id":"af4i5k2y6n1t","string":97218},"type":"Feature","geometry":{"type":"Point","coordinates":[-122.593988,45.562465]}},{"properties":{"name":"Multnomah County Health Department","description":"Site Name: CLEVELAND HIGH SCHOOL-BASED HEALTH CENTER\nDate Site was Added to Scope: 01/06/1987\nPhysical Address: 3400 SE   26th Ave, Portland, OR 97202-2130\nPhysical City: Portland\nPhysical ZipCode: 97202","id":"af4i5k7hp6du","string":97202},"type":"Feature","geometry":{"type":"Point","coordinates":[-122.6395288,45.4985274]}},{"properties":{"name":"Multnomah County Health Department","description":"Site Name: CORBETT SCHOOL DIST. 5 SITES\nDate Site was Added to Scope: 07/01/2002\nPhysical Address: 35800 E. HISTORIC COLUMBIA HWY, CORBETT, OR 97019-8693\nPhysical City: CORBETT\nPhysical ZipCode: 97019","id":"af4i5k1p686f","string":97019},"type":"Feature","geometry":{"type":"Point","coordinates":[-122.294914,45.529955]}},{"properties":{"name":"Multnomah County Health Department","description":"Site Name: DAVID DOUGLAS SCHOOL DISTRICT\nDate Site was Added to Scope: 07/01/2002\nPhysical Address: 1500 SE  130th Ave, Portland, OR 97233-1719\nPhysical City: Portland\nPhysical ZipCode: 97233","id":"af4i5k8o0kqr","string":97233},"type":"Feature","geometry":{"type":"Point","coordinates":[-122.528641,45.512792]}},{"properties":{"name":"Multnomah County Health Department","description":"Site Name: DCJ - DONALD E. LONG\nDate Site was Added to Scope: 07/01/2002\nPhysical Address: 1401 NE   68th Ave, Portland, OR 97213-4957\nPhysical City: Portland\nPhysical ZipCode: 97213","id":"af4i5k9t3x83","string":97213},"type":"Feature","geometry":{"type":"Point","coordinates":[-122.5936295,45.5314221]}},{"properties":{"name":"Multnomah County Health Department","description":"Site Name: DCJ SW PAROLE &amp; PROBATION OFFICE\nDate Site was Added to Scope: 07/01/2002\nPhysical Address: 421 SW    5th Ave, Portland, OR 97204-2205\nPhysical City: Portland\nPhysical ZipCode: 97204","id":"af4i5k5i2s94","string":97204},"type":"Feature","geometry":{"type":"Point","coordinates":[-122.6760361,45.5206694]}},{"properties":{"name":"Multnomah County Health Department","description":"Site Name: EARLY HEAD START 3 SITES\nDate Site was Added to Scope: 07/01/2002\nPhysical Address: 911 N Skidmore St, Portland, OR 97217-3151\nPhysical City: Portland\nPhysical ZipCode: 97217","id":"af4i5k7gh43j","string":97217},"type":"Feature","geometry":{"type":"Point","coordinates":[-122.6758192,45.5547203]}},{"properties":{"name":"Multnomah County Health Department","description":"Site Name: EAST COUNTY HEALTH CENTER\nDate Site was Added to Scope: 01/06/1980\nPhysical Address: 600 NE    8th St, Gresham, OR 97030-7317\nPhysical City: Gresham\nPhysical ZipCode: 97030","id":"af4i5ka32ogh","string":97030},"type":"Feature","geometry":{"type":"Point","coordinates":[-122.425299,45.5026719]}},{"properties":{"name":"Multnomah County Health Department","description":"Site Name: Franklin High School\nDate Site was Added to Scope: 12/08/2011\nPhysical Address: 5405 SE Woodward St, Portland, OR 97206-2168\nPhysical City: Portland\nPhysical ZipCode: 97206","id":"af4i5k312x79","string":97206},"type":"Feature","geometry":{"type":"Point","coordinates":[-122.6090104,45.5015069]}},{"properties":{"name":"Multnomah County Health Department","description":"Site Name: GEORGE MIDDLE SCHOOL-BASED HEALTH CENTER\nDate Site was Added to Scope: 01/06/1995\nPhysical Address: 10000 N Burr Ave, Portland, OR 97203-1714\nPhysical City: Portland\nPhysical ZipCode: 97203","id":"af4i5k3cqw0t","string":97203},"type":"Feature","geometry":{"type":"Point","coordinates":[-122.736157,45.595812]}},{"properties":{"name":"Multnomah County Health Department","description":"Site Name: GRANT HIGH SCHOOL-BASED HEALTH CENTER\nDate Site was Added to Scope: 01/06/1990\nPhysical Address: 2245 NE   36th Ave, Portland, OR 97212-5239\nPhysical City: Portland\nPhysical ZipCode: 97212","id":"af4i5kcy07bt","string":97212},"type":"Feature","geometry":{"type":"Point","coordinates":[-122.6260312,45.5386979]}},{"properties":{"name":"Multnomah County Health Department","description":"Site Name: GRESHAM/BARLOW SCHOOL DISTRICT\nDate Site was Added to Scope: 01/06/2002\nPhysical Address: 1331 NW Eastman Pkwy, Gresham, OR 97030-3825\nPhysical City: Gresham\nPhysical ZipCode: 97030","id":"af4i5k04eklh","string":97030},"type":"Feature","geometry":{"type":"Point","coordinates":[-122.4355082,45.5071776]}},{"properties":{"name":"Multnomah County Health Department","description":"Site Name: HIV CLINICAL SERVICES\nDate Site was Added to Scope: 01/06/1990\nPhysical Address: 426 SW STARK STREET FL 4, PORTLAND, OR 97204-2347\nPhysical City: PORTLAND\nPhysical ZipCode: 97204","id":"af4i5k1kmwmi","string":97204},"type":"Feature","geometry":{"type":"Point","coordinates":[-122.6732897,45.516964]}},{"properties":{"name":"Multnomah County Health Department","description":"Site Name: HOOPER DETOX (SUB-RECIPIENT)\nDate Site was Added to Scope: 01/06/1980\nPhysical Address: 20 NE M L King Blvd, Portland, OR 97232-2941\nPhysical City: Portland\nPhysical ZipCode: 97232","id":"af4i5jxhijgt","string":97232},"type":"Feature","geometry":{"type":"Point","coordinates":[-122.6614695,45.5235057]}},{"properties":{"name":"Multnomah County Health Department","description":"Site Name: JEFFERSON HIGH SCHOOL-BASED HEALTH CENTER\nDate Site was Added to Scope: 01/06/1987\nPhysical Address: 5210 N Kerby Ave, Portland, OR 97217-2656\nPhysical City: Portland\nPhysical ZipCode: 97217","id":"af4i5k8sisb5","string":97217},"type":"Feature","geometry":{"type":"Point","coordinates":[-122.671566,45.560747]}},{"properties":{"name":"Multnomah County Health Department","description":"Site Name: LA CLINICA DE BUENA SALUD\nDate Site was Added to Scope: 01/06/1995\nPhysical Address: 6736 NE Killingsworth St, Portland, OR 97218-3338\nPhysical City: Portland\nPhysical ZipCode: 97218","id":"af4i5k6ijlrc","string":97218},"type":"Feature","geometry":{"type":"Point","coordinates":[-122.59326,45.562444]}},{"properties":{"name":"Multnomah County Health Department","description":"Site Name: LANE MIDDLE SCHOOL-BASED HEALTH CENTER\nDate Site was Added to Scope: 01/06/1996\nPhysical Address: 7200 SE   60th Ave, Portland, OR 97206-7532\nPhysical City: Portland\nPhysical ZipCode: 97206","id":"af4i5k2t7mxy","string":97206},"type":"Feature","geometry":{"type":"Point","coordinates":[-122.6021026,45.4713081]}},{"properties":{"name":"Multnomah County Health Department","description":"Site Name: LINCOLN PARK ELEM SCHOOL-BASED HEALTH CENTER\nDate Site was Added to Scope: 01/06/1995\nPhysical Address: 13200 SE Lincoln St, Portland, OR 97233-1440\nPhysical City: Portland\nPhysical ZipCode: 97233","id":"af4i5k833bpb","string":97233},"type":"Feature","geometry":{"type":"Point","coordinates":[-122.5269753,45.507993]}},{"properties":{"name":"Multnomah County Health Department","description":"Site Name: MADISON HIGH SCHOOL-BASED HEALTH CENTER\nDate Site was Added to Scope: 01/06/1990\nPhysical Address: 2735 NE   82nd Ave, Portland, OR 97220-5304\nPhysical City: Portland\nPhysical ZipCode: 97220","id":"af4i5k5qhtfb","string":97220},"type":"Feature","geometry":{"type":"Point","coordinates":[-122.58067,45.541904]}},{"properties":{"name":"Multnomah County Health Department","description":"Site Name: METRO CHILD CARE-RESOURCE &amp; REFERRAL\nDate Site was Added to Scope: 07/01/2002\nPhysical Address: 912 NE Kelly Ave STE 270, Gresham, OR 97030-5671\nPhysical City: Gresham\nPhysical ZipCode: 97030","id":"af4i5k6si830","string":97030},"type":"Feature","geometry":{"type":"Point","coordinates":[-122.425731,45.503926]}},{"properties":{"name":"Multnomah County Health Department","description":"Site Name: MID-COUNTY HEALTH CENTER\nDate Site was Added to Scope: 01/06/1990\nPhysical Address: 12710 SE Division St, Portland, OR 97236-3134\nPhysical City: Portland\nPhysical ZipCode: 97236","id":"af4i5k1oqkyu","string":97236},"type":"Feature","geometry":{"type":"Point","coordinates":[-122.5323516,45.5040517]}},{"properties":{"name":"Multnomah County Health Department","description":"Site Name: MIGRANT HEAD START 4 SITES\nDate Site was Added to Scope: 07/01/2002\nPhysical Address: 475 NE Burnside Rd, Gresham, OR 97030-3916\nPhysical City: Gresham\nPhysical ZipCode: 97030","id":"af4i5kcfmeos","string":97030},"type":"Feature","geometry":{"type":"Point","coordinates":[-122.4259219,45.5077007]}},{"properties":{"name":"Multnomah County Health Department","description":"Site Name: MOBILE ACCESS CLINIC (VAN)\nDate Site was Added to Scope: 06/01/2005\nPhysical Address: 426 SW STARK STREET FL 5, PORTLAND, OR 97204-2347\nPhysical City: PORTLAND\nPhysical ZipCode: 97204","id":"af4i5k418khm","string":97204},"type":"Feature","geometry":{"type":"Point","coordinates":[-122.6732897,45.516964]}},{"properties":{"name":"Multnomah County Health Department","description":"Site Name: MOUNT HOOD HEAD START\nDate Site was Added to Scope: 07/01/2002\nPhysical Address: 10100 NE Prescott St, Portland, OR 97220-3555\nPhysical City: Portland\nPhysical ZipCode: 97220","id":"af4i5k14p3jj","string":97220},"type":"Feature","geometry":{"type":"Point","coordinates":[-122.558281,45.55504]}},{"properties":{"name":"Multnomah County Health Department","description":"Site Name: MULTNOMAH COUNTY DCHS 5 SUBSITES\nDate Site was Added to Scope: 07/01/2002\nPhysical Address: 421 SW Oak St, Portland, OR 97204-1817\nPhysical City: Portland\nPhysical ZipCode: 97204","id":"af4i5k07lceb","string":97204},"type":"Feature","geometry":{"type":"Point","coordinates":[-122.675376,45.521796]}},{"properties":{"name":"Multnomah County Health Department","description":"Site Name: MULTNOMAH EARLY CHILDHOOD PROG\nDate Site was Added to Scope: 07/01/2002\nPhysical Address: 2022 NW Division St, Gresham, OR 97030-4914\nPhysical City: Gresham\nPhysical ZipCode: 97030","id":"af4i5jyzn3jk","string":97030},"type":"Feature","geometry":{"type":"Point","coordinates":[-122.453031,45.503923]}},{"properties":{"name":"Multnomah County Health Department","description":"Site Name: MULTNOMAH EDUCATION SVC DISTRICT\nDate Site was Added to Scope: 07/01/2002\nPhysical Address: 11611 NE Ainsworth Cir, Portland, OR 97220-9017\nPhysical City: Portland\nPhysical ZipCode: 97220","id":"af4i5k02xo7r","string":97220},"type":"Feature","geometry":{"type":"Point","coordinates":[-122.5423596,45.5666079]}},{"properties":{"name":"Multnomah County Health Department","description":"Site Name: NEW AVENUES FOR YOUTH\nDate Site was Added to Scope: 01/06/2000\nPhysical Address: 812 SW   10th Ave, Portland, OR 97205-2546\nPhysical City: Portland\nPhysical ZipCode: 97205","id":"af4i5k2jbgdt","string":97205},"type":"Feature","geometry":{"type":"Point","coordinates":[-122.6826014,45.5190666]}},{"properties":{"name":"Multnomah County Health Department","description":"Site Name: NORTH PORTLAND HEALTH CENTER\nDate Site was Added to Scope: 01/05/1983\nPhysical Address: 9000 N Lombard St, Portland, OR 97203-3006\nPhysical City: Portland\nPhysical ZipCode: 97203","id":"af4i5jzbwvm4","string":97203},"type":"Feature","geometry":{"type":"Point","coordinates":[-122.7572045,45.5923261]}},{"properties":{"name":"Multnomah County Health Department","description":"Site Name: NORTHEAST HEALTH CENTER\nDate Site was Added to Scope: 01/04/1983\nPhysical Address: 5329 NE M L King Blvd, Portland, OR 97211-3237\nPhysical City: Portland\nPhysical ZipCode: 97211","id":"af4i5jy8px3e","string":97211},"type":"Feature","geometry":{"type":"Point","coordinates":[-122.6615236,45.5616719]}},{"properties":{"name":"Multnomah County Health Department","description":"Site Name: OLD TOWN COMMUNITY ENGAGEMENT CLINIC (SUB-RECIPIENT)\nDate Site was Added to Scope: 01/01/1986\nPhysical Address: 727 W Burnside St, Portland, OR 97209-3514\nPhysical City: Portland\nPhysical ZipCode: 97209","id":"af4i5jyl7ldr","string":97209},"type":"Feature","geometry":{"type":"Point","coordinates":[-122.6781479,45.5232133]}},{"properties":{"name":"Multnomah County Health Department","description":"Site Name: PARKROSE HIGH SCHOOL-BASED HEALTH CENTER\nDate Site was Added to Scope: 01/06/1990\nPhysical Address: 12003 NE Shaver St, Portland, OR 97220-1494\nPhysical City: Portland\nPhysical ZipCode: 97220","id":"af4i5k2bpouj","string":97220},"type":"Feature","geometry":{"type":"Point","coordinates":[-122.538929,45.55215]}},{"properties":{"name":"Multnomah County Health Department","description":"Site Name: PARKROSE NEIGH. HLTH ACCESS CTR\nDate Site was Added to Scope: 01/06/1999\nPhysical Address: 11717 NE Shaver St, Portland, OR 97220-1407\nPhysical City: Portland\nPhysical ZipCode: 97220","id":"af4i5jy5xb2i","string":97220},"type":"Feature","geometry":{"type":"Point","coordinates":[-122.5418426,45.5517657]}},{"properties":{"name":"Multnomah County Health Department","description":"Site Name: PARKROSE SCHOOL DISTRICT\nDate Site was Added to Scope: 07/01/2002\nPhysical Address: 10636 NE Prescott St, Portland, OR 97220-2648\nPhysical City: Portland\nPhysical ZipCode: 97220","id":"af4i5k0dhwmp","string":97220},"type":"Feature","geometry":{"type":"Point","coordinates":[-122.5529608,45.555226]}},{"properties":{"name":"Multnomah County Health Department","description":"Site Name: PORTLAND ALTERNATIVE HEALTH CTR (SUB-RECIPIENT)\nDate Site was Added to Scope: 01/06/1997\nPhysical Address: 727 W. BURNSIDE ST, PORTLAND, OR 97209-3514\nPhysical City: PORTLAND\nPhysical ZipCode: 97209","id":"af4i5k3818et","string":97209},"type":"Feature","geometry":{"type":"Point","coordinates":[-122.6781479,45.5232133]}},{"properties":{"name":"Multnomah County Health Department","description":"Site Name: PORTLAND EARLY INTERVENTION PROG\nDate Site was Added to Scope: 07/01/2002\nPhysical Address: 2600 SE   71st Ave, Portland, OR 97206-1123\nPhysical City: Portland\nPhysical ZipCode: 97206","id":"af4i5kae4o33","string":97206},"type":"Feature","geometry":{"type":"Point","coordinates":[-122.5897038,45.503933]}},{"properties":{"name":"Multnomah County Health Department","description":"Site Name: PORTLAND PUBLIC SCHOOLS\nDate Site was Added to Scope: 07/01/2002\nPhysical Address: 501 N Dixon St, Portland, OR 97227-1804\nPhysical City: Portland\nPhysical ZipCode: 97227","id":"af4i5jzvv3oq","string":97227},"type":"Feature","geometry":{"type":"Point","coordinates":[-122.671693,45.5350303]}},{"properties":{"name":"Multnomah County Health Department","description":"Site Name: PORTSMOUTH MIDDLE SCHOOL-BASED HEALTH CENTER\nDate Site was Added to Scope: 01/06/1995\nPhysical Address: 5103 N Willis Blvd, Portland, OR 97203-3464\nPhysical City: Portland\nPhysical ZipCode: 97203","id":"af4i5k55pchr","string":97203},"type":"Feature","geometry":{"type":"Point","coordinates":[-122.7197922,45.5842779]}},{"properties":{"name":"Multnomah County Health Department","description":"Site Name: PPS ECEC 8 SUBSITES\nDate Site was Added to Scope: 07/01/2002\nPhysical Address: 531 SE   14th Ave, Portland, OR 97214-2427\nPhysical City: Portland\nPhysical ZipCode: 97214","id":"af4i5kbb08na","string":97214},"type":"Feature","geometry":{"type":"Point","coordinates":[-122.6516506,45.5188269]}},{"properties":{"name":"Multnomah County Health Department","description":"Site Name: PPS HEAD START 5 SUBSITES\nDate Site was Added to Scope: 07/01/2002\nPhysical Address: 4800 NE    7th Ave, Portland, OR 97211-3940\nPhysical City: Portland\nPhysical ZipCode: 97211","id":"af4i5k4kaoe0","string":97211},"type":"Feature","geometry":{"type":"Point","coordinates":[-122.6585559,45.5573157]}},{"properties":{"name":"Multnomah County Health Department","description":"Site Name: REYNOLDS SCHOOL DISTRICT (15 SUB-SITES)\nDate Site was Added to Scope: 07/01/2002\nPhysical Address: 1204 NE  201st Ave, Fairview, OR 97024-9642\nPhysical City: Fairview\nPhysical ZipCode: 97024","id":"af4i5k4u0eoy","string":97024},"type":"Feature","geometry":{"type":"Point","coordinates":[-122.4556303,45.5312446]}},{"properties":{"name":"Multnomah County Health Department","description":"Site Name: Rockwood Community Health Center\nDate Site was Added to Scope: 08/26/2010\nPhysical Address: Portland, OR 97030\nPhysical City: Portland\nPhysical ZipCode: 97030","id":"af4i5kbmpywe","string":97030},"type":"Feature","geometry":{"type":"Point","coordinates":[-122.4228701,45.5140983]}},{"properties":{"name":"Multnomah County Health Department","description":"Site Name: Rockwood Community Health Center\nDate Site was Added to Scope: 08/30/2010\nPhysical Address: 2020 SE 182nd Avenue, Gresham, OR 97233\nPhysical City: Gresham\nPhysical ZipCode: 97233","id":"af4i5k5grqbg","string":97233},"type":"Feature","geometry":{"type":"Point","coordinates":[-122.475495,45.5073946]}},{"properties":{"name":"Multnomah County Health Department","description":"Site Name: ROOSEVELT HIGH SCHOOL-BASED HEALTH CENTER\nDate Site was Added to Scope: 01/06/1986\nPhysical Address: 6941 N Central St, Portland, OR 97203-6203\nPhysical City: Portland\nPhysical ZipCode: 97203","id":"af4i5jzojipg","string":97203},"type":"Feature","geometry":{"type":"Point","coordinates":[-122.7387185,45.5899002]}},{"properties":{"name":"Multnomah County Health Department","description":"Site Name: SAINT FRANCIS DINING HALL\nDate Site was Added to Scope: 01/06/2000\nPhysical Address: 330 SE   11th Ave, Portland, OR 97214-1317\nPhysical City: Portland\nPhysical ZipCode: 97214","id":"af4i5k3ra13c","string":97214},"type":"Feature","geometry":{"type":"Point","coordinates":[-122.6545495,45.5205787]}},{"properties":{"name":"Multnomah County Health Department","description":"Site Name: SOUTHEAST HEALTH CENTER\nDate Site was Added to Scope: 01/06/1990\nPhysical Address: 3653 SE   34th Ave, Portland, OR 97202-3034\nPhysical City: Portland\nPhysical ZipCode: 97202","id":"af4i5k1frw7l","string":97202},"type":"Feature","geometry":{"type":"Point","coordinates":[-122.6293039,45.4964637]}},{"properties":{"name":"Multnomah County Health Department","description":"Site Name: WESTSIDE HEALTH CENTER\nDate Site was Added to Scope: 01/07/1981\nPhysical Address: 426 SW STARK STREET FL 5, PORTLAND, OR 97204-2347\nPhysical City: PORTLAND\nPhysical ZipCode: 97204","id":"af4i5k57u8zc","string":97204},"type":"Feature","geometry":{"type":"Point","coordinates":[-122.6732897,45.516964]}},{"properties":{"name":"Native American Rehabilitation Association of the Northwest","description":"Site Name: Lifeworks Satellite Clinic\nDate Site was Added to Scope: 10/03/2011\nPhysical Address: 3716 N.E. Martin Luther King Junior. Boulivard, Portland, OR 97212-1111\nPhysical City: Portland\nPhysical ZipCode: 97212","id":"af4i5jxnxqqh","string":97212},"type":"Feature","geometry":{"type":"Point","coordinates":[-122.6614184,45.5497779]}},{"properties":{"name":"Native American Rehabilitation Association of the Northwest","description":"Site Name: NARA Adult Mental Health Serivces\nDate Site was Added to Scope: 10/07/2010\nPhysical Address: 1310 SW   17th Ave, Portland, OR 97201-2522\nPhysical City: Portland\nPhysical ZipCode: 97201","id":"af4i5k0igcnc","string":97201},"type":"Feature","geometry":{"type":"Point","coordinates":[-122.6913813,45.5176997]}},{"properties":{"name":"Native American Rehabilitation Association of the Northwest","description":"Site Name: NARA HEALTH CLINIC\nDate Site was Added to Scope: 05/01/1994\nPhysical Address: 15 N. MORRIS ST, PORTLAND, OR 97227-1541\nPhysical City: PORTLAND\nPhysical ZipCode: 97227","id":"af4i5k0ohu9e","string":97227},"type":"Feature","geometry":{"type":"Point","coordinates":[-122.666961,45.544936]}},{"properties":{"name":"Native American Rehabilitation Association of the Northwest","description":"Site Name: NARA Residential Treatment Center\nDate Site was Added to Scope: 07/19/1988\nPhysical Address: 17645 NW Saint Helens Rd, Portland, OR 97231-1729\nPhysical City: Portland\nPhysical ZipCode: 97231","id":"af4i5k6x6k3k","string":97231},"type":"Feature","geometry":{"type":"Point","coordinates":[-122.851338,45.650042]}},{"properties":{"name":"Native American Rehabilitation Association of the Northwest","description":"Site Name: NARA Totem Lodge Community Center\nDate Site was Added to Scope: 06/29/2009\nPhysical Address: 1438 S.E. Division Street, Portland, OR 97202-1140\nPhysical City: Portland\nPhysical ZipCode: 97202","id":"af4i5k9azy44","string":97202},"type":"Feature","geometry":{"type":"Point","coordinates":[-122.6510008,45.5046904]}},{"properties":{"name":"Native American Rehabilitation Association of the Northwest","description":"Site Name: OUTPATIENT TREATMENT PROGRAM\nDate Site was Added to Scope: 05/01/1970\nPhysical Address: 1631 SW COLUMBIA ST, PORTLAND, OR 97201-6025\nPhysical City: PORTLAND\nPhysical ZipCode: 97201","id":"af4i5jy0nwga","string":97201},"type":"Feature","geometry":{"type":"Point","coordinates":[-122.6909711,45.5170732]}},{"properties":{"name":"Native American Rehabilitation Association of the Northwest","description":"Site Name: YOUTH TREATMENT PROGRAM\nDate Site was Added to Scope: 09/01/2001\nPhysical Address: 1776 SW MADISON ST, PORTLAND, OR 97205-1715\nPhysical City: PORTLAND\nPhysical ZipCode: 97205","id":"af4i5kccp2hm","string":97205},"type":"Feature","geometry":{"type":"Point","coordinates":[-122.6914346,45.5182755]}},{"properties":{"name":"NORTHWEST HUMAN SERVICES, INC","description":"Site Name: HOAP-HOMELESS OUTREACH ADVOCACY\nDate Site was Added to Scope: 07/29/1997\nPhysical Address: 694 Church St NE, Salem, OR 97301-2401\nPhysical City: Salem\nPhysical ZipCode: 97301","id":"af4i5k81sgds","string":97301},"type":"Feature","geometry":{"type":"Point","coordinates":[-123.03227,44.9456612]}},{"properties":{"name":"NORTHWEST HUMAN SERVICES, INC","description":"Site Name: NORTHEAST HUMAN SERVICES-HOST\nDate Site was Added to Scope: 05/16/2002\nPhysical Address: 1143 Liberty St NE, Salem, OR 97301-1047\nPhysical City: Salem\nPhysical ZipCode: 97301","id":"af4i5jz5c2fx","string":97301},"type":"Feature","geometry":{"type":"Point","coordinates":[-123.034437,44.951256]}},{"properties":{"name":"NORTHWEST HUMAN SERVICES, INC","description":"Site Name: TOTAL HEALTH COMMUNITY CLINIC\nDate Site was Added to Scope: 05/07/2002\nPhysical Address: 180 Atwater St N, Monmouth, OR 97361-1801\nPhysical City: Monmouth\nPhysical ZipCode: 97361","id":"af4i5k8z5700","string":97361},"type":"Feature","geometry":{"type":"Point","coordinates":[-123.223317,44.8493274]}},{"properties":{"name":"NORTHWEST HUMAN SERVICES, INC","description":"Site Name: WEST SALEM CLINIC\nDate Site was Added to Scope: 09/01/1977\nPhysical Address: 1233 Edgewater Avenue NW, SALEM, OR 97304-4049\nPhysical City: SALEM\nPhysical ZipCode: 97304","id":"af4i5k7bnvzw","string":97304},"type":"Feature","geometry":{"type":"Point","coordinates":[-123.0590879,44.9403156]}},{"properties":{"name":"NORTHWEST HUMAN SERVICES, INC","description":"Site Name: WEST SALEM CLINIC MENTAL HEALTH\nDate Site was Added to Scope: 09/01/1977\nPhysical Address: 1245 Edgewater St NW, Salem, OR 97304-4049\nPhysical City: Salem\nPhysical ZipCode: 97304","id":"af4i5kd79qi6","string":97304},"type":"Feature","geometry":{"type":"Point","coordinates":[-123.0591812,44.9402735]}},{"properties":{"name":"NORTHWEST HUMAN SERVICES, INC","description":"Site Name: WEST SALEM DENTAL CLINIC\nDate Site was Added to Scope: 08/18/1999\nPhysical Address: 190 Kingwood Ave NW, Salem, OR 97304-4030\nPhysical City: Salem\nPhysical ZipCode: 97304","id":"af4i5jxmitd3","string":97304},"type":"Feature","geometry":{"type":"Point","coordinates":[-123.0604621,44.940125]}},{"properties":{"name":"OUTSIDE IN","description":"Site Name: OUTSIDE IN\nDate Site was Added to Scope: 09/01/2002\nPhysical Address: 1132 SW   13th Ave, Portland, OR 97205-1703\nPhysical City: Portland\nPhysical ZipCode: 97205","id":"af4i5k7xjbt3","string":97205},"type":"Feature","geometry":{"type":"Point","coordinates":[-122.68656,45.517564]}},{"properties":{"name":"Rinehart Clinic","description":"Site Name: The Rinehart Clinic\nDate Site was Added to Scope: 07/30/2008\nPhysical Address: 230 Rowe St, Wheeler, OR 97147\n\nPhysical City: Wheeler\nPhysical ZipCode: 97147","id":"af4i5kc30vka","string":97147},"type":"Feature","geometry":{"type":"Point","coordinates":[-123.884637,45.686184]}},{"properties":{"name":"SISKIYOU COMMUNITY HEALTH CENTER, INC.","description":"Site Name: Evergreen Elementary SBHC\nDate Site was Added to Scope: 12/01/2008\nPhysical Address: 520 W River St, Cave Junction, OR 97523-9504\nPhysical City: Cave Junction\nPhysical ZipCode: 97523","id":"af4i5kdfbat4","string":97523},"type":"Feature","geometry":{"type":"Point","coordinates":[-123.6545173,42.1693989]}},{"properties":{"name":"SISKIYOU COMMUNITY HEALTH CENTER, INC.","description":"Site Name: Illinois Valley High SBHC\nDate Site was Added to Scope: 12/01/2008\nPhysical Address: 652 E River St, Cave Junction, OR 97523\nPhysical City: Cave Junction\nPhysical ZipCode: 97523","id":"af4i5k87qyxl","string":97523},"type":"Feature","geometry":{"type":"Point","coordinates":[-123.6340398,42.1686664]}},{"properties":{"name":"SISKIYOU COMMUNITY HEALTH CENTER, INC.","description":"Site Name: LORNA BYRNE SCHOOL BASED HEALTH\nDate Site was Added to Scope: 07/03/2002\nPhysical Address: 101 S JUNCTION AVE, CAVE JUNCTION, OR 97523-9006\nPhysical City: CAVE JUNCTION\nPhysical ZipCode: 97523","id":"af4i5jyyoe6a","string":97523},"type":"Feature","geometry":{"type":"Point","coordinates":[-123.6438695,42.166751]}},{"properties":{"name":"SISKIYOU COMMUNITY HEALTH CENTER, INC.","description":"Site Name: SISKIYOU CHC - CAVE JUNCTION\nDate Site was Added to Scope: 07/03/2002\nPhysical Address: 25647 REDWOOD HIGHWAY, CAVE JUNCTION, OR 97523-9604\nPhysical City: CAVE JUNCTION\nPhysical ZipCode: 97523","id":"af4i5k679lhs","string":97523},"type":"Feature","geometry":{"type":"Point","coordinates":[-123.644475,42.175104]}},{"properties":{"name":"SISKIYOU COMMUNITY HEALTH CENTER, INC.","description":"Site Name: SISKIYOU CHC - DENTAL\nDate Site was Added to Scope: 07/03/2002\nPhysical Address: 1035 NE    6th St STE B, Grants Pass, OR 97526-1298\nPhysical City: Grants Pass\nPhysical ZipCode: 97526","id":"af4i5k05k73v","string":97526},"type":"Feature","geometry":{"type":"Point","coordinates":[-123.321974,42.44887]}},{"properties":{"name":"SISKIYOU COMMUNITY HEALTH CENTER, INC.","description":"Site Name: Siskiyou Community Health Center\nDate Site was Added to Scope: 01/24/2011\nPhysical Address: 1701 NW Hawthorn Avenue, Grants Pass, OR 97526-1400\nPhysical City: Grants Pass\nPhysical ZipCode: 97526","id":"af4i5k98h6gl","string":97526},"type":"Feature","geometry":{"type":"Point","coordinates":[-123.3257724,42.4582483]}},{"properties":{"name":"SISKIYOU COMMUNITY HEALTH CENTER, INC.","description":"Site Name: SISKIYOU COMMUNITY HEALTH CENTER, INC.\nDate Site was Added to Scope: 07/03/2002\nPhysical Address: 125 NE MANZANITA, GRANTS PASS, OR 97526-1400\nPhysical City: GRANTS PASS\nPhysical ZipCode: 97526","id":"af4i5k06oebx","string":97526},"type":"Feature","geometry":{"type":"Point","coordinates":[-123.321161,42.449259]}},{"properties":{"name":"SISKIYOU COMMUNITY HEALTH CENTER, INC.","description":"Site Name: W.O.W (Wellness on Wheels)\nDate Site was Added to Scope: 06/01/2009\nPhysical Address: 125 NE MANZANITA, GRANTS PASS, OR 97526-1400\nPhysical City: GRANTS PASS\nPhysical ZipCode: 97526","id":"af4i5jxyhsli","string":97526},"type":"Feature","geometry":{"type":"Point","coordinates":[-123.321161,42.449259]}},{"properties":{"name":"TILLAMOOK COUNTY HEALTH DEPARTMENT","description":"Site Name: ROCKWAY BEACH CLINIC\nDate Site was Added to Scope: 01/03/2001\nPhysical Address: 276 Highway 101  S, Rockaway Beach, OR 97136-9657\nPhysical City: Rockaway Beach\nPhysical ZipCode: 97136","id":"af4i5k49laqw","string":97136},"type":"Feature","geometry":{"type":"Point","coordinates":[-123.944162,45.610021]}},{"properties":{"name":"TILLAMOOK COUNTY HEALTH DEPARTMENT","description":"Site Name: TILLAMOOK COUNTY CLOVERDALE CLINIC\nDate Site was Added to Scope: 01/02/2004\nPhysical Address: 34335 HIGHWAY 101 S., CLOVERDALE, OR 97112-9400\nPhysical City: CLOVERDALE\nPhysical ZipCode: 97112","id":"af4i5k9nbljd","string":97112},"type":"Feature","geometry":{"type":"Point","coordinates":[-123.8887197,45.2068106]}},{"properties":{"name":"TILLAMOOK COUNTY HEALTH DEPARTMENT","description":"Site Name: TILLAMOOK COUNTY HEALTH DEPARTMENT\nDate Site was Added to Scope: 07/01/1995\nPhysical Address: 801 Pacific Ave, Tillamook, OR 97141-3926\nPhysical City: Tillamook\nPhysical ZipCode: 97141","id":"af4i5kde9cur","string":97141},"type":"Feature","geometry":{"type":"Point","coordinates":[-123.842803,45.452287]}},{"properties":{"name":"UMPQUA COMMUNITY HEALTH CENTER","description":"Site Name: Douglas High School\nDate Site was Added to Scope: 04/20/2009\nPhysical Address: 1381 NW Douglas Avenue, Winston, OR 97496-8556\nPhysical City: Winston\nPhysical ZipCode: 97496","id":"af4i5k039lyb","string":97496},"type":"Feature","geometry":{"type":"Point","coordinates":[-123.43807,43.1154]}},{"properties":{"name":"UMPQUA COMMUNITY HEALTH CENTER","description":"Site Name: GLIDE CLINIC\nDate Site was Added to Scope: 07/01/2003\nPhysical Address: 20170 NORTH UMPQUA HIGHWAY, GLIDE, OR 97443\nPhysical City: GLIDE\nPhysical ZipCode: 97443","id":"af4i5kaz6ldm","string":97443},"type":"Feature","geometry":{"type":"Point","coordinates":[-123.0771194,43.3075991]}},{"properties":{"name":"UMPQUA COMMUNITY HEALTH CENTER","description":"Site Name: Myrtle Creek Clinic\nDate Site was Added to Scope: 11/15/2008\nPhysical Address: 790 S Main St, Myrtle Creek, OR 97457-9303\nPhysical City: Myrtle Creek\nPhysical ZipCode: 97457","id":"af4i5kc8x77d","string":97457},"type":"Feature","geometry":{"type":"Point","coordinates":[-123.293834,43.016716]}},{"properties":{"name":"UMPQUA COMMUNITY HEALTH CENTER","description":"Site Name: ROSEBURG HIGH SCHOOL\nDate Site was Added to Scope: 01/06/2004\nPhysical Address: 400 W Harvard Ave, Roseburg, OR 97470-3012\nPhysical City: Roseburg\nPhysical ZipCode: 97470","id":"af4i5k78njw9","string":97470},"type":"Feature","geometry":{"type":"Point","coordinates":[-123.353959,43.215794]}},{"properties":{"name":"UMPQUA COMMUNITY HEALTH CENTER","description":"Site Name: UMPQUA COMM HLTH CTR @ DRAIN\nDate Site was Added to Scope: 01/10/2007\nPhysical Address: 316 W A Ave, Drain, OR 97435\n\nPhysical City: DRAIN\nPhysical ZipCode: 97435","id":"af4i5jxw0eoo","string":97435},"type":"Feature","geometry":{"type":"Point","coordinates":[-123.3166532,43.6617668]}},{"properties":{"name":"UMPQUA COMMUNITY HEALTH CENTER","description":"Site Name: Umpqua Community Health Center\nDate Site was Added to Scope: 06/29/2009\nPhysical Address: 150 Kenneth Ford Drive, Roseburg, OR 97470\nPhysical City: Roseburg\nPhysical ZipCode: 97470","id":"af4i5kcki14k","string":97470},"type":"Feature","geometry":{"type":"Point","coordinates":[-123.350374,43.262099]}},{"properties":{"name":"VIRGINIA GARCIA MEMORIAL HEALTH CENTER","description":"Site Name: Forest Grove School Based Health Center\nDate Site was Added to Scope: 04/30/2009\nPhysical Address: 1401 Nichols Ln, Forest Grove, OR 97116-3207\nPhysical City: Forest Grove\nPhysical ZipCode: 97116","id":"af4i5jzwbgtm","string":97116},"type":"Feature","geometry":{"type":"Point","coordinates":[-123.1207741,45.5353763]}},{"properties":{"name":"VIRGINIA GARCIA MEMORIAL HEALTH CENTER","description":"Site Name: Tigard School Based Health Center\nDate Site was Added to Scope: 04/29/2008\nPhysical Address: 9000 SW Durham Rd, Tigard, OR 97224-5539\nPhysical City: Tigard\nPhysical ZipCode: 97224","id":"af4i5jx98d5y","string":97224},"type":"Feature","geometry":{"type":"Point","coordinates":[-122.7688563,45.4034257]}},{"properties":{"name":"VIRGINIA GARCIA MEMORIAL HEALTH CENTER","description":"Site Name: VIRGINA GARCIA HILLSBORO DENTAL\nDate Site was Added to Scope: 01/05/2007\nPhysical Address: 730 SE Oak St, Hillsboro, OR 97123-4245\nPhysical City: Hillsboro\nPhysical ZipCode: 97123","id":"af4i5k9qzjao","string":97123},"type":"Feature","geometry":{"type":"Point","coordinates":[-122.9782294,45.5183497]}},{"properties":{"name":"VIRGINIA GARCIA MEMORIAL HEALTH CENTER","description":"Site Name: VIRGINIA GARCIA BEAVERTON\nDate Site was Added to Scope: 01/03/2004\nPhysical Address: 2935 SW CEDAR HILLS BLVD, BEAVERTON, OR 97005-1342\nPhysical City: Beaverton\nPhysical ZipCode: 97005","id":"af4i5k59pdbz","string":97005},"type":"Feature","geometry":{"type":"Point","coordinates":[-122.8076457,45.4984716]}},{"properties":{"name":"VIRGINIA GARCIA MEMORIAL HEALTH CENTER","description":"Site Name: VIRGINIA GARCIA CORNELIUS (temporarily in Forest Grove)\nDate Site was Added to Scope: 11/25/2011\nPhysical Address: 3201 19th Ave, Forest Grove, OR 97116-1911\nPhysical City: Forest Grove\nPhysical ZipCode: 97116","id":"af4i5k7aovpl","string":97116},"type":"Feature","geometry":{"type":"Point","coordinates":[-123.090602,45.5187219]}},{"properties":{"name":"VIRGINIA GARCIA MEMORIAL HEALTH CENTER","description":"Site Name: VIRGINIA GARCIA CORNELIUS DENTAL/VISION\nDate Site was Added to Scope: 01/01/1999\nPhysical Address: 44 N 11TH AVE, CORNELIUS, OR 97113-9020\nPhysical City: CORNELIUS\nPhysical ZipCode: 97113","id":"af4i5k6mb33g","string":97113},"type":"Feature","geometry":{"type":"Point","coordinates":[-123.0581333,45.5203636]}},{"properties":{"name":"VIRGINIA GARCIA MEMORIAL HEALTH CENTER","description":"Site Name: VIRGINIA GARCIA CORNELIUS PHARMACY\nDate Site was Added to Scope: 08/10/2002\nPhysical Address: 1152 Baseline St, Cornelius, OR 97113\nPhysical City: Cornelius\nPhysical ZipCode: 97113","id":"af4i5kbr8r0g","string":97113},"type":"Feature","geometry":{"type":"Point","coordinates":[-123.057604,45.5203]}},{"properties":{"name":"VIRGINIA GARCIA MEMORIAL HEALTH CENTER","description":"Site Name: VIRGINIA GARCIA HEALTHY START CLINIC\nDate Site was Added to Scope: 01/09/1999\nPhysical Address: 226 S.E. 8TH AVENUE STE 100, HILLSBORO, OR 97123-4245\nPhysical City: HILLSBORO\nPhysical ZipCode: 97123","id":"af4i5kay6tyc","string":97123},"type":"Feature","geometry":{"type":"Point","coordinates":[-122.9772121,45.5210912]}},{"properties":{"name":"VIRGINIA GARCIA MEMORIAL HEALTH CENTER","description":"Site Name: VIRGINIA GARCIA HILLSBORO\nDate Site was Added to Scope: 01/01/2002\nPhysical Address: 226 S.E. 8TH AVENUE STE 100, HILLSBORO, OR 97123-3961\nPhysical City: HILLSBORO\nPhysical ZipCode: 97123","id":"af4i5jy3ro7r","string":97123},"type":"Feature","geometry":{"type":"Point","coordinates":[-122.9772121,45.5210912]}},{"properties":{"name":"VIRGINIA GARCIA MEMORIAL HEALTH CENTER","description":"Site Name: VIRGINIA GARCIA MEMORIAL HC\nDate Site was Added to Scope: 01/03/2004\nPhysical Address: 115 NE May Ln, Mcminnville, OR 97128-9272\nPhysical City: Mcminnville\nPhysical ZipCode: 97128","id":"af4i5k3kmcim","string":97128},"type":"Feature","geometry":{"type":"Point","coordinates":[-123.1609225,45.201599]}},{"properties":{"name":"VIRGINIA GARCIA MEMORIAL HEALTH CENTER","description":"Site Name: VIRGINIA GARCIA MEMORIAL HEALTH CENTER\nDate Site was Added to Scope: 01/01/1979\nPhysical Address: 85 N   12th Ave, Cornelius, OR 97113-9029\nPhysical City: Cornelius\nPhysical ZipCode: 97113","id":"af4i5k85een0","string":97113},"type":"Feature","geometry":{"type":"Point","coordinates":[-123.057661,45.520653]}},{"properties":{"name":"VIRGINIA GARCIA MEMORIAL HEALTH CENTER","description":"Site Name: VIRGINIA GARCIA MOBILE VAN\nDate Site was Added to Scope: 01/01/2002\nPhysical Address: 85 N. 12TH AVE, CORNELIUS, OR 97113-9029\nPhysical City: CORNELIUS\nPhysical ZipCode: 97113","id":"af4i5k2u99n5","string":97113},"type":"Feature","geometry":{"type":"Point","coordinates":[-123.057661,45.520653]}},{"properties":{"name":"WATERFALL CLINIC, INC","description":"Site Name: WATERFALL CLINIC, INC.\nDate Site was Added to Scope: 01/09/2007\nPhysical Address: 1890 Waite St STE 1, North Bend, OR 97459-1229\nPhysical City: North Bend\nPhysical ZipCode: 97459","id":"af4i5k5k9nl8","string":97459},"type":"Feature","geometry":{"type":"Point","coordinates":[-124.2372569,43.3884242]}},{"properties":{"name":"WATERFALL CLINIC, INC","description":"Site Name: Waterfall School Based Health Center\nDate Site was Added to Scope: 09/01/2007\nPhysical Address: 755 S    7th St, Coos Bay, OR 97420-1342\nPhysical City: Coos Bay\nPhysical ZipCode: 97420","id":"af4i5ka18pap","string":97420},"type":"Feature","geometry":{"type":"Point","coordinates":[-124.2189673,43.3614855]}},{"properties":{"name":"WHITE BIRD CLINIC","description":"Site Name: CHRYSALIS OUTPATIENT DRUG TRMNT\nDate Site was Added to Scope: 01/01/1998\nPhysical Address: 323 E 12TH AVE, EUGENE, OR 97401-3212\nPhysical City: EUGENE\nPhysical ZipCode: 97401","id":"af4i5k6abjnj","string":97401},"type":"Feature","geometry":{"type":"Point","coordinates":[-123.087632,44.046928]}},{"properties":{"name":"WHITE BIRD CLINIC","description":"Site Name: WHITE BIRD CLINIC\nDate Site was Added to Scope: 01/01/1988\nPhysical Address: 341 E. 12TH, EUGENE, OR 97401-3212\nPhysical City: EUGENE\nPhysical ZipCode: 97401","id":"af4i5k19vkce","string":97401},"type":"Feature","geometry":{"type":"Point","coordinates":[-123.0875997,44.0467687]}},{"properties":{"name":"WHITE BIRD CLINIC","description":"Site Name: White Bird Homeless Outreach, Counseling, Advocacy and Case Management\nDate Site was Added to Scope: 10/16/2007\nPhysical Address: 509 E.13th, Eugene, OR 97401-4218\nPhysical City: Eugene\nPhysical ZipCode: 97401","id":"af4i5k5m4sr2","string":97401},"type":"Feature","geometry":{"type":"Point","coordinates":[-123.084938,44.045699]}},{"properties":{"name":"WHITE BIRD CLINIC","description":"Site Name: WHITE BIRD MEDICAL/DENTAL CLINIC\nDate Site was Added to Scope: 01/01/1995\nPhysical Address: 1400 Mill St, Eugene, OR 97401-4259\nPhysical City: Eugene\nPhysical ZipCode: 97401","id":"af4i5jxu49r6","string":97401},"type":"Feature","geometry":{"type":"Point","coordinates":[-123.087002,44.044101]}}],"is_temporal":false,"author":{"url":"","metadata":"","contact_name":"","contact_address":"","source":"","contact_phone":""},"source":"","pagination":{"sort":null,"start":0,"total":173,"limit":1000000},"state":"complete","tags":"","published":"2013-06-18T16:00:00Z","id":368468}